ch,rho,m,f,r_fine,penalty
19,62,14.841113939020591,0.39921392476136996,0.011403180416346517,1.6834664152537506
19,63,14.841113939020591,0.39921392476136996,0.011403180416346517,1.6834664152537506
19,64,14.841113939020591,0.3991203443758188,0.011564717741580743,1.6834730686476453
19,65,14.841113939020591,0.3991203443758188,0.011564717741580743,1.6834730686476453
19,66,14.841113939020591,0.3991203443758188,0.011564717741580743,1.6834730686476453
19,67,14.841113939020591,0.3991203443758188,0.011564717741580743,1.6834730686476453
19,68,14.841113939020591,0.3991203443758188,0.011564717741580743,1.6834730686476453
19,69,14.841113939020591,0.3991203443758188,0.011564717741580743,1.6834730686476453
19,70,14.841113939020591,0.39897997379749206,0.011767158364039633,1.6834167153410866
19,71,14.841113939020591,0.3989331836047164,0.011811907890950416,1.6833601195271206
19,72,14.841113939020591,0.3989331836047164,0.011811907890950416,1.6833601195271206
19,73,10.626585691826111,0.4045947969305633,0.009974778858914499,1.6962814124772274
19,74,10.626585691826111,0.4045480067377878,0.010130571628233298,1.6964097577273773
19,75,10.626585691826111,0.4045480067377878,0.010130571628233298,1.6964097577273773
19,76,10.626585691826111,0.4045480067377878,0.010130571628233298,1.6964097577273773
19,77,10.626585691826111,0.4045480067377878,0.010130571628233298,1.6964097577273773
19,78,10.626585691826111,0.4044544263522366,0.010332025265878316,1.696481461657947
19,79,10.626585691826111,0.4044544263522366,0.010332025265878316,1.696481461657947
19,80,10.626585691826111,0.40440763615946096,0.010513360574946003,1.696652646885674
19,81,10.626585691826111,0.40440763615946096,0.010513360574946003,1.696652646885674
19,82,10.626585691826111,0.4043608459666854,0.010694855076624323,1.6968240724821382
19,83,10.626585691826111,0.4042204753883586,0.011173286023087958,1.6972273202611667
19,84,10.626585691826111,0.4042204753883586,0.011173286023087958,1.6972273202611667
19,85,10.626585691826111,0.40417368519558305,0.011173251155550856,1.6970939786160228
19,86,10.626585691826111,0.4041268950028074,0.011173090013982322,1.6969604459975525
19,87,10.626585691826111,0.4040333146172562,0.011357779037997853,1.697003882672536
19,88,10.626585691826111,0.4039865244244806,0.01135904416567753,1.696872781591212
19,89,10.626585691826111,0.40384615384615385,0.011880387093420576,1.6973477460921893
19,90,7.608884611337714,0.4094141867864496,0.00956803017329141,1.7094349501555686
19,91,7.608884611337714,0.4094141867864496,0.00956803017329141,1.7094349501555686
19,92,7.608884611337714,0.4094141867864496,0.00956803017329141,1.7094349501555686
19,93,7.608884611337714,0.4094141867864496,0.00956803017329141,1.7094349501555686
19,94,7.608884611337714,0.4093206064008984,0.009908018027794894,1.7097397149310862
19,95,7.608884611337714,0.4092270260153472,0.010284418722285325,1.7101060190822652
19,96,7.608884611337714,0.40918023582257157,0.010284217792838748,1.709970246508953
19,97,7.608884611337714,0.40913344562979603,0.010442994802943285,1.7101035543972525
19,98,7.608884611337714,0.408899494665918,0.011123611900182509,1.7105781551120638
19,99,7.608884611337714,0.40871233389481565,0.011512643004017628,1.7106946432129353
19,100,7.608884611337714,0.4085719633164888,0.011871279900507644,1.7108950153507632
19,101,5.448139854853323,0.4156372824256036,0.010033920045768925,1.7284366193624927
19,102,5.448139854853323,0.4154969118472768,0.010062128095118498,1.7280697887967396
19,103,5.448139854853323,0.4154033314617256,0.010075386059373779,1.7278158436738384
19,104,5.448139854853323,0.4152161706906232,0.010734807777730596,1.7283904874240403
19,105,5.448139854853323,0.4149822197267453,0.011778401385140636,1.7294831635929961
19,106,3.900995927026255,0.4263990267639902,0.009541180626514347,1.7600060455461184
19,107,3.900995927026255,0.42607149541456113,0.010380345279306655,1.7604637811274535
19,108,3.900995927026255,0.4256971738723564,0.011143246617961391,1.760644734130607
19,109,2.793204585069363,0.44062324536777087,0.010378713424580025,1.8062579559439669
19,110,2.793204585069363,0.4403425042111173,0.010900147428768134,1.806283584219349
19,111,2.0,0.46130451057458355,0.010552944907195064,1.875926130335844
19,112,2.0,0.46102376941793,0.01150224516860578,1.8767103033026689
19,113,1.5500000000000005,0.48474639715515633,0.011771608658957964,1.963638105726412
19,114,1.1500000000000001,0.5538087216919334,0.011935673101940755,2.2679414015871098
20,62,1.5000000000000004,0.9589775696864111,0.011870389820883068,24.666271161552714
20,63,1.5000000000000004,0.9588686846689896,0.01187979491891036,24.601201949795566
20,64,1.5000000000000004,0.9588142421602788,0.011871536180936726,24.56848166103299
20,65,1.5000000000000004,0.9585148083623694,0.011892718835330284,24.391660708093642
20,66,1.5000000000000004,0.9583787020905923,0.011901920664796404,24.31211835025632
20,67,1.5000000000000004,0.9582425958188153,0.011910234633294095,24.233073259119088
20,68,1.5000000000000004,0.9581609320557491,0.0118988170605936,24.185500939191922
20,69,1.5000000000000004,0.9579976045296167,0.01194521912851534,24.09255966941355
20,70,1.5000000000000004,0.9578887195121951,0.01196089337001592,24.030636961112414
20,71,1.5000000000000004,0.9577526132404182,0.011987278116584123,23.953843201604943
20,72,1.5000000000000004,0.9577253919860628,0.011987100048481268,23.938414750406345
20,73,1.5000000000000004,0.9576709494773519,0.011988188676921332,23.90765151076228
20,74,1.4500000000000004,0.9624074477351916,0.011445872747908373,26.905485576587346
20,75,1.4500000000000004,0.9622441202090593,0.011467940930033697,26.78968008507984
20,76,1.4500000000000004,0.9621624564459931,0.011480138060364102,26.732182986896103
20,77,1.4500000000000004,0.9620535714285714,0.011499783637249662,26.655994298205147
20,78,1.4500000000000004,0.9619991289198606,0.011510215548739603,26.618079712319833
20,79,1.4500000000000004,0.9618085801393729,0.01152755431603438,26.48572789405124
20,80,1.4500000000000004,0.9616724738675958,0.011542638636375863,26.392067026239978
20,81,1.4500000000000004,0.9615363675958188,0.01155057837007907,26.298883260441084
20,82,1.4500000000000004,0.961345818815331,0.011537423023222058,26.168900543789483
20,83,1.4500000000000004,0.9611824912891986,0.011559486638166958,26.059361361248058
20,84,1.4500000000000004,0.9610191637630662,0.011548629207105695,25.949895560441487
20,85,1.4500000000000004,0.9607741724738676,0.011590075630998458,25.78887787535074
20,86,1.4500000000000004,0.9606380662020906,0.011590208288198872,25.699708085529227
20,87,1.4500000000000004,0.9604475174216028,0.011623419117916884,25.57673635561999
20,88,1.4500000000000004,0.9600391986062717,0.011657204450910178,25.31623914353447
20,89,1.4500000000000004,0.959848649825784,0.011670576881981972,25.196427330397636
20,90,1.4500000000000004,0.9596581010452961,0.011691795624735688,25.077941838104095
20,91,1.4500000000000004,0.9594675522648084,0.011690407532290208,24.9600126333823
20,92,1.4500000000000004,0.9591953397212544,0.011723270844665417,24.794306923115172
20,93,1.4500000000000004,0.9590047909407665,0.011739389560153891,24.67945432595072
20,94,1.4500000000000004,0.9588686846689896,0.011749328716315916,24.59803000643454
20,95,1.4500000000000004,0.958759799651568,0.011775608579219984,24.5337219516609
20,96,1.4500000000000004,0.9585148083623694,0.011812583951888845,24.38972905777992
20,97,1.4000000000000004,0.9636868466898955,0.011178275929465168,27.84606082799462
20,98,1.4000000000000004,0.9633329703832753,0.011472284270496513,27.585334695590905
20,99,1.4000000000000004,0.9631424216027875,0.011510998873144416,27.44377256617717
20,100,1.4000000000000004,0.9629246515679443,0.011835223674915626,27.291320687901404
20,101,1.4000000000000004,0.962434668989547,0.011963399372203467,26.93875901401248
20,102,1.3500000000000003,0.9678516986062717,0.011825731130295631,31.473691836411934
20,103,1.3000000000000003,0.9733231707317073,0.011968672516870428,37.9343685240609
20,104,1.2500000000000002,0.9788490853658537,0.011773841327112,47.835938011573795
20,105,1.2000000000000002,0.9851099738675958,0.011793595507644352,67.95109602297765
26,63,56.46216173286171,0.36778992106860964,0.005546603660090759,1.5905260564016035
26,64,56.46216173286171,0.36775197328476017,0.00554866320348252,1.590433849873247
26,65,56.46216173286171,0.36775197328476017,0.00554866320348252,1.590433849873247
26,66,56.46216173286171,0.3677140255009107,0.005550684489178702,1.5903415939058236
26,67,56.46216173286171,0.3677140255009107,0.005550684489178702,1.5903415939058236
26,68,56.46216173286171,0.3677140255009107,0.005550684489178702,1.5903415939058236
26,69,56.46216173286171,0.3677140255009107,0.005550684489178702,1.5903415939058236
26,70,56.46216173286171,0.3677140255009107,0.005550684489178702,1.5903415939058236
26,71,56.46216173286171,0.3677140255009107,0.005550684489178702,1.5903415939058236
26,72,56.46216173286171,0.3677140255009107,0.005550684489178702,1.5903415939058236
26,73,56.46216173286171,0.3677140255009107,0.005550684489178702,1.5903415939058236
26,74,56.46216173286171,0.3676381299332119,0.0064233295755932954,1.5915306997705254
26,75,56.46216173286171,0.3676381299332119,0.0064233295755932954,1.5915306997705254
26,76,56.46216173286171,0.3676381299332119,0.0064233295755932954,1.5915306997705254
26,77,56.46216173286171,0.3676381299332119,0.0064233295755932954,1.5915306997705254
26,78,56.46216173286171,0.3676381299332119,0.0064233295755932954,1.5915306997705254
26,79,56.46216173286171,0.3676381299332119,0.0064233295755932954,1.5915306997705254
26,80,56.46216173286171,0.3676381299332119,0.0064233295755932954,1.5915306997705254
26,81,56.46216173286171,0.3676381299332119,0.0064233295755932954,1.5915306997705254
26,82,56.46216173286171,0.3676001821493625,0.006543037921574089,1.591624490567616
26,83,56.46216173286171,0.3676001821493625,0.006543037921574089,1.591624490567616
26,84,56.46216173286171,0.3676001821493625,0.006543037921574089,1.591624490567616
26,85,56.46216173286171,0.3676001821493625,0.006543037921574089,1.591624490567616
26,86,56.46216173286171,0.36756223436551305,0.006572733749383035,1.5915759438235775
26,87,56.46216173286171,0.3675242865816636,0.006574805481952437,1.591483726769089
26,88,56.46216173286171,0.3674863387978142,0.006576819319311403,1.59139142924781
26,89,56.46216173286171,0.3674104432301154,0.006636946580233493,1.5912955498669654
26,90,56.46216173286171,0.36737249544626593,0.006697377943819362,1.5912956213529799
26,91,56.46216173286171,0.36737249544626593,0.006697377943819362,1.5912956213529799
26,92,56.46216173286171,0.36737249544626593,0.006697377943819362,1.5912956213529799
26,93,56.46216173286171,0.36737249544626593,0.006697377943819362,1.5912956213529799
26,94,40.42823217079863,0.3688904068002429,0.0063161625508267195,1.5945188813384275
26,95,40.42823217079863,0.3688904068002429,0.0063161625508267195,1.5945188813384275
26,96,40.42823217079863,0.3688524590163934,0.006345932725287685,1.594470179123183
26,97,40.42823217079863,0.3687386156648452,0.006472795575155213,1.5943835953709944
26,98,40.42823217079863,0.36858682452944747,0.006505152665115155,1.594051552559115
26,99,40.42823217079863,0.3685488767455981,0.0065090033595837215,1.5939618543588796
26,100,40.42823217079863,0.36851092896174864,0.006650580091732881,1.5940902642015111
26,101,40.42823217079863,0.36851092896174864,0.006650580091732881,1.5940902642015111
26,102,40.42823217079863,0.3684729811778992,0.0066536768368229,1.5939993806035304
26,103,40.42823217079863,0.3684350333940498,0.006714208864226812,1.5939994491371814
26,104,28.947562514325952,0.37006678809957494,0.006523652409858892,1.5978259812231685
26,105,28.947562514325952,0.3700288403157256,0.006584345413684592,1.597826074955811
26,106,28.947562514325952,0.36995294474802676,0.006587310561451126,1.5976383068069242
26,107,20.727133751004565,0.3714708561020036,0.006466596640435677,1.6013045797662715
26,108,20.727133751004565,0.37143290831815423,0.006468652179992476,1.601211176180099
26,109,20.727133751004565,0.3713570127504554,0.006472257407264238,1.6010235981646883
26,110,20.727133751004565,0.37131906496660594,0.006502134961847335,1.600974483039452
26,111,14.841113939020591,0.37443078324225865,0.006324604483733056,1.6086542904067536
26,112,10.626585691826111,0.3776183970856102,0.005794510847661426,1.6160415188011445
26,113,10.626585691826111,0.3772768670309654,0.005994937056799595,1.6154770616283232
26,114,10.626585691826111,0.3770491803278688,0.006016052346582779,1.6149205050826725
26,115,7.608884611337714,0.382172131147541,0.005692545199711808,1.6277876021806281
26,116,7.608884611337714,0.38179265330904677,0.005848696770273924,1.627040995475432
26,117,5.448139854853323,0.38983758348512443,0.005633191405823237,1.648140174135596
26,118,5.448139854853323,0.38949605343047966,0.005669466348367028,1.6472775843617706
26,119,5.448139854853323,0.38907862780813596,0.006190372843910364,1.6470047024773415
26,120,5.448139854853323,0.38854735883424407,0.006270528685267618,1.6457047708008545
26,121,5.448139854853323,0.3878642987249544,0.006358082834688253,1.6440114189361914
26,122,3.900995927026255,0.3954918032786885,0.006572472585543577,1.6651097173618483
26,123,2.793204585069363,0.4094186399514268,0.006217161398151015,1.703773991978672
31,61,1.5500000000000005,0.9945469798657718,0.007215166988343719,184.70776600770768
31,62,1.5500000000000005,0.9945469798657718,0.007215166988343719,184.70776600770768
31,63,1.5500000000000005,0.9945469798657718,0.007215166988343719,184.70776600770768
31,64,1.5500000000000005,0.9945469798657718,0.007215166988343719,184.70776600770768
31,65,1.5500000000000005,0.9945469798657718,0.007215166988343719,184.70776600770768
31,66,1.5500000000000005,0.9945469798657718,0.007215166988343719,184.70776600770768
31,67,1.5500000000000005,0.9945469798657718,0.007215166988343719,184.70776600770768
31,68,1.5500000000000005,0.9945469798657718,0.007215166988343719,184.70776600770768
31,69,1.5500000000000005,0.9945469798657718,0.007215166988343719,184.70776600770768
31,70,1.5500000000000005,0.9945469798657718,0.007215166988343719,184.70776600770768
31,71,1.5500000000000005,0.9945469798657718,0.007215166988343719,184.70776600770768
31,72,1.5500000000000005,0.9945469798657718,0.007215166988343719,184.70776600770768
31,73,1.5500000000000005,0.9945469798657718,0.007215166988343719,184.70776600770768
31,74,1.5500000000000005,0.9945469798657718,0.007215166988343719,184.70776600770768
31,75,1.5500000000000005,0.9945469798657718,0.007215166988343719,184.70776600770768
31,76,1.5500000000000005,0.9945469798657718,0.007215166988343719,184.70776600770768
31,77,1.5500000000000005,0.9945469798657718,0.007215166988343719,184.70776600770768
31,78,1.5500000000000005,0.9945469798657718,0.007215166988343719,184.70776600770768
31,79,1.5500000000000005,0.9945469798657718,0.007215166988343719,184.70776600770768
31,80,1.5000000000000004,0.9945469798657718,0.007215166988343719,184.70776600770768
31,81,1.5000000000000004,0.9945469798657718,0.007215166988343719,184.70776600770768
31,82,1.5000000000000004,0.9945469798657718,0.007215166988343719,184.70776600770768
31,83,1.5000000000000004,0.9945469798657718,0.007215166988343719,184.70776600770768
31,84,1.5000000000000004,0.9945469798657718,0.007215166988343719,184.70776600770768
31,85,1.5000000000000004,0.9945469798657718,0.007215166988343719,184.70776600770768
31,86,1.5000000000000004,0.9945469798657718,0.007215166988343719,184.70776600770768
31,87,1.5000000000000004,0.9945469798657718,0.007215166988343719,184.70776600770768
31,88,1.5000000000000004,0.9945469798657718,0.007215166988343719,184.70776600770768
31,89,1.5000000000000004,0.9945469798657718,0.007215166988343719,184.70776600770768
31,90,1.5000000000000004,0.9945469798657718,0.007215166988343719,184.70776600770768
31,91,1.5000000000000004,0.9945469798657718,0.007215166988343719,184.70776600770768
31,92,1.5000000000000004,0.9945469798657718,0.007215166988343719,184.70776600770768
31,93,1.5000000000000004,0.9945469798657718,0.007215166988343719,184.70776600770768
31,94,1.5000000000000004,0.9945469798657718,0.007215166988343719,184.70776600770768
31,95,1.5000000000000004,0.9945469798657718,0.007215166988343719,184.70776600770768
31,96,1.5000000000000004,0.9945469798657718,0.007215166988343719,184.70776600770768
31,97,1.5000000000000004,0.9945469798657718,0.007215166988343719,184.70776600770768
31,98,1.5000000000000004,0.9945469798657718,0.007215166988343719,184.70776600770768
31,99,1.5000000000000004,0.9945469798657718,0.007215166988343719,184.70776600770768
31,100,1.5000000000000004,0.9945469798657718,0.007215166988343719,184.70776600770768
31,101,1.5000000000000004,0.9945469798657718,0.007215166988343719,184.70776600770768
31,102,1.3000000000000003,0.9946437790397522,0.007173960868309526,188.03816503151037
31,103,1.3000000000000003,0.9946437790397522,0.007173960868309526,188.03816503151037
31,104,1.2000000000000002,0.9947083118224058,0.007108817662535176,190.31900290852147
31,105,1.2500000000000002,0.994676045431079,0.007069388104958238,189.1581483402971
31,106,1.1500000000000001,0.9947405782137326,0.007002838246893928,191.46645376041747
31,107,1.07,0.9948373773877129,0.006718118519854513,195.00129955729514
35,61,7.608884611337714,0.7143934632306725,0.02194718143071219,3.5781645370956494
35,62,7.608884611337714,0.7143934632306725,0.02194718143071219,3.5781645370956494
35,63,7.608884611337714,0.7143934632306725,0.02194718143071219,3.5781645370956494
35,64,7.608884611337714,0.7143934632306725,0.02194718143071219,3.5781645370956494
35,65,7.608884611337714,0.7143683218101823,0.022113891440085538,3.578433239330112
35,66,7.608884611337714,0.714343180389692,0.022654646708297095,3.580011316037891
35,67,7.608884611337714,0.7142928975487115,0.023085772528766674,3.5808902325177487
35,68,7.608884611337714,0.7142677561282212,0.023585979129618784,3.5823257650576843
35,69,7.608884611337714,0.7142677561282212,0.023585979129618784,3.5823257650576843
35,70,7.608884611337714,0.714242614707731,0.02401247709336339,3.583503103676626
35,71,7.608884611337714,0.7141671904462602,0.024999677514586354,3.5860112739152674
35,72,7.608884611337714,0.7140917661847894,0.025878608102524087,3.5881394334574304
35,73,7.608884611337714,0.7140666247642992,0.02634275325167853,3.5894472004383635
35,74,7.608884611337714,0.7140163419233186,0.027328603837579124,3.5922633158364574
35,75,7.608884611337714,0.7140163419233186,0.027328603837579124,3.5922633158364574
35,76,5.448139854853323,0.7171087366436204,0.0163194982310178,3.5926153610148184
35,77,5.448139854853323,0.71708359522313,0.016319597127324732,3.59229645212293
35,78,5.448139854853323,0.71708359522313,0.016319597127324732,3.59229645212293
35,79,5.448139854853323,0.7170584538026399,0.01650313583469324,3.5926259310311823
35,80,5.448139854853323,0.7170081709616594,0.017482667705704922,3.5954489257280047
35,81,5.448139854853323,0.7169327467001886,0.017898493939534434,3.595959907313703
35,82,5.448139854853323,0.7169076052796983,0.017921802978095286,3.595722887518094
35,83,5.448139854853323,0.7169076052796983,0.017921802978095286,3.595722887518094
35,84,5.448139854853323,0.7168824638592081,0.018401463447833197,3.5970977895957343
35,85,5.448139854853323,0.7168573224387178,0.018401357935959685,3.596778015619144
35,86,5.448139854853323,0.7168321810182275,0.01879558916915503,3.597850888680027
35,87,5.448139854853323,0.7168070395977373,0.019309395586963703,3.599345810499954
35,88,5.448139854853323,0.7167316153362665,0.01988622098610983,3.6004237543021675
35,89,5.448139854853323,0.7167316153362665,0.01988622098610983,3.6004237543021675
35,90,5.448139854853323,0.7166310496543055,0.021166877599064462,3.6036653851923335
35,91,5.448139854853323,0.7165556253928347,0.022037648446373258,3.6057785583603423
35,92,5.448139854853323,0.7165304839723444,0.02214135176464404,3.605824591258423
35,93,5.448139854853323,0.7164802011313639,0.022729190911434542,3.6072584524698326
35,94,5.448139854853323,0.7164550597108736,0.0229104696045186,3.607577933012921
35,95,5.448139854853323,0.7163544940289126,0.023753987010930216,3.609272720560162
35,96,5.448139854853323,0.7162539283469516,0.02579786244357262,3.6151967019930087
35,97,5.448139854853323,0.71610307982401,0.028102997831471032,3.6213953895454085
35,98,3.900995927026255,0.7198742928975488,0.01581023131441781,3.6262656570212686
35,99,3.900995927026255,0.7198240100565683,0.01654843958497037,3.6282496576177503
35,100,3.900995927026255,0.7196731615336267,0.018480377831821236,3.633188971144457
35,101,3.900995927026255,0.7195474544311753,0.019613961636240875,3.6356024494918397
35,102,3.900995927026255,0.7192960402262728,0.022833980517507662,3.6438174272354567
35,103,3.900995927026255,0.7191703331238215,0.024107557508562038,3.646721405541903
35,104,3.900995927026255,0.7186926461345067,0.03231187143125978,3.6696938677431734
35,105,2.793204585069363,0.724098051539912,0.01672197964487373,3.6850844487310783
35,106,2.793204585069363,0.7236957888120679,0.020915436602345485,3.694896404991655
35,107,2.793204585069363,0.7232432432432432,0.027320151607615927,3.7119966415509555
35,108,2.0,0.7304336895034569,0.01655441245963756,3.7710736574876025
35,109,1.9500000000000008,0.7303834066624764,0.025752832630696935,3.8044870307614653
35,110,1.7000000000000006,0.7342300439974858,0.03363384877180254,3.889205026477953
35,111,1.3000000000000003,0.7441106222501571,0.034434591438700944,4.042506963497183
