config,cut,sigma_nl_mpc,tau_cut_ns,zbin,z_center,kpar_min_h,sigma_apar,sigma_aperp
chime2025,hard,7,0,1.0068-1.1163,1.0616,0,0.0481111,0.0386194
chime2025,hard,7,0,1.1163-1.2259,1.1711,0,0.0501625,0.0403118
chime2025,hard,7,0,1.2259-1.3354,1.2807,0,0.0525087,0.042414
chime2025,hard,7,30,1.0068-1.1163,1.0616,0.054615,0.0514221,0.0559106
chime2025,hard,7,30,1.1163-1.2259,1.1711,0.052455,0.0540908,0.0608043
chime2025,hard,7,30,1.2259-1.3354,1.2807,0.050562,0.0572107,0.0667864
chime2025,hard,7,50,1.0068-1.1163,1.0616,0.091025,0.0596804,0.0934443
chime2025,hard,7,50,1.1163-1.2259,1.1711,0.087425,0.0624313,0.0979213
chime2025,hard,7,50,1.2259-1.3354,1.2807,0.08427,0.0649016,0.102051
chime2025,hard,7,75,1.0068-1.1163,1.0616,0.13654,0.080194,0.183949
chime2025,hard,7,75,1.1163-1.2259,1.1711,0.13114,0.0839819,0.187457
chime2025,hard,7,75,1.2259-1.3354,1.2807,0.12641,0.0897473,0.209032
chime2025,hard,7,100,1.0068-1.1163,1.0616,0.18205,0.144078,0.469893
chime2025,hard,7,100,1.1163-1.2259,1.1711,0.17485,0.13578,0.43782
chime2025,hard,7,100,1.2259-1.3354,1.2807,0.16854,0.136757,0.451963
chime2025,hard,7,110,1.0068-1.1163,1.0616,0.20025,0.178515,0.658936
chime2025,hard,7,110,1.1163-1.2259,1.1711,0.19234,0.185882,0.675574
chime2025,hard,7,110,1.2259-1.3354,1.2807,0.18539,0.183201,0.69823
chime2025,hard,7,125,1.0068-1.1163,1.0616,0.22756,0.314026,1.48071
chime2025,hard,7,125,1.1163-1.2259,1.1711,0.21856,0.304208,1.34286
chime2025,hard,7,125,1.2259-1.3354,1.2807,0.21068,0.254113,1.18266
chime2025,hard,7,140,1.0068-1.1163,1.0616,0.25487,0.599273,3.5186
chime2025,hard,7,140,1.1163-1.2259,1.1711,0.24479,0.537284,2.76486
chime2025,hard,7,140,1.2259-1.3354,1.2807,0.23596,0.445254,2.66299
chime2025,hard,7,150,1.0068-1.1163,1.0616,0.27307,0.74256,5.31158
chime2025,hard,7,150,1.1163-1.2259,1.1711,0.26228,0.817016,5.53389
chime2025,hard,7,150,1.2259-1.3354,1.2807,0.25281,0.74357,4.19656
chime2025,hard,7,160,1.0068-1.1163,1.0616,0.29128,1.73532,13.8339
chime2025,hard,7,160,1.1163-1.2259,1.1711,0.27976,1.46134,9.34536
chime2025,hard,7,160,1.2259-1.3354,1.2807,0.26966,0.932576,6.5535
chime2025,hard,7,175,1.0068-1.1163,1.0616,0.31859,6.11317,168.156
chime2025,hard,7,175,1.1163-1.2259,1.1711,0.30599,2.85111,37.4873
chime2025,hard,7,175,1.2259-1.3354,1.2807,0.29495,2.62407,20.5187
chime2025,hard,7,200,1.0068-1.1163,1.0616,0.3641,inf,inf
chime2025,hard,7,200,1.1163-1.2259,1.1711,0.3497,inf,inf
chime2025,hard,7,200,1.2259-1.3354,1.2807,0.33708,inf,inf
chime2025,hard,7,280,1.0068-1.1163,1.0616,0.50974,inf,inf
chime2025,hard,7,280,1.1163-1.2259,1.1711,0.48958,inf,inf
chime2025,hard,7,280,1.2259-1.3354,1.2807,0.47191,inf,inf
chime2025,hard,7,400,1.0068-1.1163,1.0616,0.7282,inf,inf
chime2025,hard,7,400,1.1163-1.2259,1.1711,0.6994,inf,inf
chime2025,hard,7,400,1.2259-1.3354,1.2807,0.67416,inf,inf
archive7yr,hard,7,0,0.8000-0.9000,0.85,0,0.010074,0.00685753
archive7yr,hard,7,0,0.9000-1.0000,0.95,0,0.0102864,0.00721297
archive7yr,hard,7,0,1.0000-1.1000,1.05,0,0.0105652,0.00746665
archive7yr,hard,7,0,1.1000-1.2000,1.15,0,0.0108456,0.00772823
archive7yr,hard,7,0,1.2000-1.3000,1.25,0,0.0112514,0.00833033
archive7yr,hard,7,0,1.3000-1.4000,1.35,0,0.0117172,0.00903689
archive7yr,hard,7,0,1.4000-1.5000,1.45,0,0.0121324,0.00952809
archive7yr,hard,7,0,1.5000-1.6000,1.55,0,0.0126486,0.0102763
archive7yr,hard,7,0,1.6000-1.7000,1.65,0,0.0131861,0.0110517
archive7yr,hard,7,0,1.7000-1.8000,1.75,0,0.0137603,0.0117937
archive7yr,hard,7,0,1.8000-1.9000,1.85,0,0.0145017,0.0133976
archive7yr,hard,7,0,1.9000-2.0400,1.97,0,0.0128888,0.0123721
archive7yr,hard,7,0,2.0400-2.2000,2.12,0,0.0127867,0.0123127
archive7yr,hard,7,0,2.2000-2.3550,2.2775,0,0.014083,0.0149728
archive7yr,hard,7,0,2.3550-2.5100,2.4325,0,0.0149594,0.0164297
archive7yr,hard,7,30,0.8000-0.9000,0.85,0.059807,0.0110067,0.0115925
archive7yr,hard,7,30,0.9000-1.0000,0.95,0.057158,0.0112311,0.0116495
archive7yr,hard,7,30,1.0000-1.1000,1.05,0.054861,0.0114737,0.011769
archive7yr,hard,7,30,1.1000-1.2000,1.15,0.052849,0.0119118,0.0126663
archive7yr,hard,7,30,1.2000-1.3000,1.25,0.051068,0.0123477,0.0135072
archive7yr,hard,7,30,1.3000-1.4000,1.35,0.049479,0.0126774,0.0136277
archive7yr,hard,7,30,1.4000-1.5000,1.45,0.04805,0.0132747,0.0149817
archive7yr,hard,7,30,1.5000-1.6000,1.55,0.046755,0.0137769,0.0158811
archive7yr,hard,7,30,1.6000-1.7000,1.65,0.045574,0.0144901,0.0176924
archive7yr,hard,7,30,1.7000-1.8000,1.75,0.044492,0.0150548,0.0186326
archive7yr,hard,7,30,1.8000-1.9000,1.85,0.043494,0.0155953,0.0192872
archive7yr,hard,7,30,1.9000-2.0400,1.97,0.042394,0.0141063,0.0189662
archive7yr,hard,7,30,2.0400-2.2000,2.12,0.041145,0.0139961,0.0194855
archive7yr,hard,7,30,2.2000-2.3550,2.2775,0.03996,0.015234,0.0219564
archive7yr,hard,7,30,2.3550-2.5100,2.4325,0.0389,0.0162514,0.02459
archive7yr,hard,7,50,0.8000-0.9000,0.85,0.099678,0.0124538,0.0181647
archive7yr,hard,7,50,0.9000-1.0000,0.95,0.095264,0.0128018,0.0186784
archive7yr,hard,7,50,1.0000-1.1000,1.05,0.091436,0.0131172,0.0188905
archive7yr,hard,7,50,1.1000-1.2000,1.15,0.088081,0.0134973,0.0196598
archive7yr,hard,7,50,1.2000-1.3000,1.25,0.085114,0.0137852,0.0198505
archive7yr,hard,7,50,1.3000-1.4000,1.35,0.082465,0.0143236,0.0217064
archive7yr,hard,7,50,1.4000-1.5000,1.45,0.080083,0.0147941,0.0228467
archive7yr,hard,7,50,1.5000-1.6000,1.55,0.077925,0.0153871,0.0243771
archive7yr,hard,7,50,1.6000-1.7000,1.65,0.075957,0.0159574,0.0253944
archive7yr,hard,7,50,1.7000-1.8000,1.75,0.074153,0.0168512,0.0285538
archive7yr,hard,7,50,1.8000-1.9000,1.85,0.072491,0.0174881,0.0303924
archive7yr,hard,7,50,1.9000-2.0400,1.97,0.070657,0.0153952,0.026661
archive7yr,hard,7,50,2.0400-2.2000,2.12,0.068574,0.0155346,0.0288878
archive7yr,hard,7,50,2.2000-2.3550,2.2775,0.0666,0.0169621,0.0332832
archive7yr,hard,7,50,2.3550-2.5100,2.4325,0.064834,0.0181493,0.0371743
archive7yr,hard,7,75,0.8000-0.9000,0.85,0.14952,0.0174092,0.0383115
archive7yr,hard,7,75,0.9000-1.0000,0.95,0.1429,0.0171872,0.037282
archive7yr,hard,7,75,1.0000-1.1000,1.05,0.13715,0.0171009,0.0363043
archive7yr,hard,7,75,1.1000-1.2000,1.15,0.13212,0.0175225,0.0370163
archive7yr,hard,7,75,1.2000-1.3000,1.25,0.12767,0.0184236,0.0398832
archive7yr,hard,7,75,1.3000-1.4000,1.35,0.1237,0.0187851,0.0405514
archive7yr,hard,7,75,1.4000-1.5000,1.45,0.12012,0.019496,0.0441801
archive7yr,hard,7,75,1.5000-1.6000,1.55,0.11689,0.0193996,0.0430461
archive7yr,hard,7,75,1.6000-1.7000,1.65,0.11394,0.0201827,0.0483571
archive7yr,hard,7,75,1.7000-1.8000,1.75,0.11123,0.0206806,0.0499431
archive7yr,hard,7,75,1.8000-1.9000,1.85,0.10874,0.0213714,0.0520619
archive7yr,hard,7,75,1.9000-2.0400,1.97,0.10598,0.0191853,0.0504088
archive7yr,hard,7,75,2.0400-2.2000,2.12,0.10286,0.0190309,0.0517049
archive7yr,hard,7,75,2.2000-2.3550,2.2775,0.0999,0.0207229,0.0574994
archive7yr,hard,7,75,2.3550-2.5100,2.4325,0.097251,0.0219634,0.0628111
archive7yr,hard,7,100,0.8000-0.9000,0.85,0.19936,0.0288715,0.104362
archive7yr,hard,7,100,0.9000-1.0000,0.95,0.19053,0.0299776,0.09568
archive7yr,hard,7,100,1.0000-1.1000,1.05,0.18287,0.0290851,0.0886227
archive7yr,hard,7,100,1.1000-1.2000,1.15,0.17616,0.0279032,0.0844972
archive7yr,hard,7,100,1.2000-1.3000,1.25,0.17023,0.0270458,0.0837555
archive7yr,hard,7,100,1.3000-1.4000,1.35,0.16493,0.0281526,0.0904896
archive7yr,hard,7,100,1.4000-1.5000,1.45,0.16017,0.0288019,0.087322
archive7yr,hard,7,100,1.5000-1.6000,1.55,0.15585,0.0298602,0.0934807
archive7yr,hard,7,100,1.6000-1.7000,1.65,0.15191,0.0298957,0.100912
archive7yr,hard,7,100,1.7000-1.8000,1.75,0.14831,0.0297296,0.0967562
archive7yr,hard,7,100,1.8000-1.9000,1.85,0.14498,0.0308848,0.105785
archive7yr,hard,7,100,1.9000-2.0400,1.97,0.14131,0.0264154,0.0979886
archive7yr,hard,7,100,2.0400-2.2000,2.12,0.13715,0.0261833,0.100836
archive7yr,hard,7,100,2.2000-2.3550,2.2775,0.1332,0.0280466,0.107992
archive7yr,hard,7,100,2.3550-2.5100,2.4325,0.12967,0.0305807,0.130551
archive7yr,hard,7,110,0.8000-0.9000,0.85,0.21929,0.0441222,0.217302
archive7yr,hard,7,110,0.9000-1.0000,0.95,0.20958,0.0369408,0.135698
archive7yr,hard,7,110,1.0000-1.1000,1.05,0.20116,0.0354776,0.130684
archive7yr,hard,7,110,1.1000-1.2000,1.15,0.19378,0.0357268,0.121991
archive7yr,hard,7,110,1.2000-1.3000,1.25,0.18725,0.0369428,0.132165
archive7yr,hard,7,110,1.3000-1.4000,1.35,0.18142,0.0345564,0.118866
archive7yr,hard,7,110,1.4000-1.5000,1.45,0.17618,0.0351668,0.132111
archive7yr,hard,7,110,1.5000-1.6000,1.55,0.17143,0.0334036,0.118158
archive7yr,hard,7,110,1.6000-1.7000,1.65,0.16711,0.0350917,0.132655
archive7yr,hard,7,110,1.7000-1.8000,1.75,0.16314,0.0367466,0.142373
archive7yr,hard,7,110,1.8000-1.9000,1.85,0.15948,0.0381025,0.144683
archive7yr,hard,7,110,1.9000-2.0400,1.97,0.15544,0.0334358,0.129212
archive7yr,hard,7,110,2.0400-2.2000,2.12,0.15086,0.0318937,0.139108
archive7yr,hard,7,110,2.2000-2.3550,2.2775,0.14652,0.0337084,0.151678
archive7yr,hard,7,110,2.3550-2.5100,2.4325,0.14264,0.0333218,0.154511
archive7yr,hard,7,125,0.8000-0.9000,0.85,0.2492,0.0844419,0.679332
archive7yr,hard,7,125,0.9000-1.0000,0.95,0.23816,0.0575689,0.292594
archive7yr,hard,7,125,1.0000-1.1000,1.05,0.22859,0.0588168,0.262939
archive7yr,hard,7,125,1.1000-1.2000,1.15,0.2202,0.0585209,0.251765
archive7yr,hard,7,125,1.2000-1.3000,1.25,0.21278,0.0513003,0.208039
archive7yr,hard,7,125,1.3000-1.4000,1.35,0.20616,0.0485036,0.224169
archive7yr,hard,7,125,1.4000-1.5000,1.45,0.20021,0.0479348,0.200739
archive7yr,hard,7,125,1.5000-1.6000,1.55,0.19481,0.0503499,0.225244
archive7yr,hard,7,125,1.6000-1.7000,1.65,0.18989,0.0518875,0.23284
archive7yr,hard,7,125,1.7000-1.8000,1.75,0.18538,0.0504939,0.221966
archive7yr,hard,7,125,1.8000-1.9000,1.85,0.18123,0.050092,0.232716
archive7yr,hard,7,125,1.9000-2.0400,1.97,0.17664,0.0434646,0.222242
archive7yr,hard,7,125,2.0400-2.2000,2.12,0.17144,0.0394795,0.195603
archive7yr,hard,7,125,2.2000-2.3550,2.2775,0.1665,0.0434666,0.237974
archive7yr,hard,7,125,2.3550-2.5100,2.4325,0.16209,0.0472619,0.282623
archive7yr,hard,7,140,0.8000-0.9000,0.85,0.2791,0.253692,5.40188
archive7yr,hard,7,140,0.9000-1.0000,0.95,0.26674,0.11228,0.844026
archive7yr,hard,7,140,1.0000-1.1000,1.05,0.25602,0.108857,0.617073
archive7yr,hard,7,140,1.1000-1.2000,1.15,0.24663,0.0966921,0.478794
archive7yr,hard,7,140,1.2000-1.3000,1.25,0.23832,0.0781064,0.444222
archive7yr,hard,7,140,1.3000-1.4000,1.35,0.2309,0.0779292,0.377166
archive7yr,hard,7,140,1.4000-1.5000,1.45,0.22423,0.0813889,0.425665
archive7yr,hard,7,140,1.5000-1.6000,1.55,0.21819,0.0770304,0.365083
archive7yr,hard,7,140,1.6000-1.7000,1.65,0.21268,0.0709233,0.364811
archive7yr,hard,7,140,1.7000-1.8000,1.75,0.20763,0.0706127,0.401966
archive7yr,hard,7,140,1.8000-1.9000,1.85,0.20297,0.0708734,0.413885
archive7yr,hard,7,140,1.9000-2.0400,1.97,0.19784,0.05847,0.329277
archive7yr,hard,7,140,2.0400-2.2000,2.12,0.19201,0.0607683,0.37831
archive7yr,hard,7,140,2.2000-2.3550,2.2775,0.18648,0.062213,0.382995
archive7yr,hard,7,140,2.3550-2.5100,2.4325,0.18154,0.0605663,0.384112
archive7yr,hard,7,150,0.8000-0.9000,0.85,0.29904,inf,inf
archive7yr,hard,7,150,0.9000-1.0000,0.95,0.28579,0.258402,3.03723
archive7yr,hard,7,150,1.0000-1.1000,1.05,0.27431,0.136809,0.920221
archive7yr,hard,7,150,1.1000-1.2000,1.15,0.26424,0.137575,0.902806
archive7yr,hard,7,150,1.2000-1.3000,1.25,0.25534,0.13289,0.721185
archive7yr,hard,7,150,1.3000-1.4000,1.35,0.24739,0.120146,0.71084
archive7yr,hard,7,150,1.4000-1.5000,1.45,0.24025,0.0968694,0.537527
archive7yr,hard,7,150,1.5000-1.6000,1.55,0.23377,0.0981068,0.601422
archive7yr,hard,7,150,1.6000-1.7000,1.65,0.22787,0.0994741,0.561174
archive7yr,hard,7,150,1.7000-1.8000,1.75,0.22246,0.100051,0.560824
archive7yr,hard,7,150,1.8000-1.9000,1.85,0.21747,0.0999216,0.609712
archive7yr,hard,7,150,1.9000-2.0400,1.97,0.21197,0.0772105,0.523472
archive7yr,hard,7,150,2.0400-2.2000,2.12,0.20572,0.0687264,0.458609
archive7yr,hard,7,150,2.2000-2.3550,2.2775,0.1998,0.0758976,0.578433
archive7yr,hard,7,150,2.3550-2.5100,2.4325,0.1945,0.0791526,0.585026
archive7yr,hard,7,160,0.8000-0.9000,0.85,0.31897,inf,inf
archive7yr,hard,7,160,0.9000-1.0000,0.95,0.30484,0.795861,13.5809
archive7yr,hard,7,160,1.0000-1.1000,1.05,0.29259,0.295604,2.43033
archive7yr,hard,7,160,1.1000-1.2000,1.15,0.28186,0.250314,1.56849
archive7yr,hard,7,160,1.2000-1.3000,1.25,0.27236,0.174924,1.34964
archive7yr,hard,7,160,1.3000-1.4000,1.35,0.26389,0.156666,1.00148
archive7yr,hard,7,160,1.4000-1.5000,1.45,0.25626,0.159869,0.924329
archive7yr,hard,7,160,1.5000-1.6000,1.55,0.24936,0.151098,0.870437
archive7yr,hard,7,160,1.6000-1.7000,1.65,0.24306,0.14799,0.935293
archive7yr,hard,7,160,1.7000-1.8000,1.75,0.23729,0.123904,0.913907
archive7yr,hard,7,160,1.8000-1.9000,1.85,0.23197,0.119504,0.809749
archive7yr,hard,7,160,1.9000-2.0400,1.97,0.2261,0.10395,0.765341
archive7yr,hard,7,160,2.0400-2.2000,2.12,0.21944,0.101963,0.781298
archive7yr,hard,7,160,2.2000-2.3550,2.2775,0.21312,0.097988,0.710929
archive7yr,hard,7,160,2.3550-2.5100,2.4325,0.20747,0.0939105,0.86213
archive7yr,hard,7,175,0.8000-0.9000,0.85,0.34887,inf,inf
archive7yr,hard,7,175,0.9000-1.0000,0.95,0.33342,inf,inf
archive7yr,hard,7,175,1.0000-1.1000,1.05,0.32002,1.03924,30.2978
archive7yr,hard,7,175,1.1000-1.2000,1.15,0.30828,0.434451,5.44769
archive7yr,hard,7,175,1.2000-1.3000,1.25,0.2979,0.401393,4.11661
archive7yr,hard,7,175,1.3000-1.4000,1.35,0.28863,0.427236,3.47045
archive7yr,hard,7,175,1.4000-1.5000,1.45,0.28029,0.305233,2.02807
archive7yr,hard,7,175,1.5000-1.6000,1.55,0.27274,0.219704,1.70202
archive7yr,hard,7,175,1.6000-1.7000,1.65,0.26585,0.218064,1.60512
archive7yr,hard,7,175,1.7000-1.8000,1.75,0.25954,0.216858,1.64206
archive7yr,hard,7,175,1.8000-1.9000,1.85,0.25372,0.226401,1.77607
archive7yr,hard,7,175,1.9000-2.0400,1.97,0.2473,0.168346,1.29086
archive7yr,hard,7,175,2.0400-2.2000,2.12,0.24001,0.143636,1.23594
archive7yr,hard,7,175,2.2000-2.3550,2.2775,0.2331,0.154648,1.5152
archive7yr,hard,7,175,2.3550-2.5100,2.4325,0.22692,0.152479,1.40732
archive7yr,hard,7,200,0.8000-0.9000,0.85,0.39871,inf,inf
archive7yr,hard,7,200,0.9000-1.0000,0.95,0.38105,inf,inf
archive7yr,hard,7,200,1.0000-1.1000,1.05,0.36574,inf,inf
archive7yr,hard,7,200,1.1000-1.2000,1.15,0.35233,inf,inf
archive7yr,hard,7,200,1.2000-1.3000,1.25,0.34045,2.10665,116.898
archive7yr,hard,7,200,1.3000-1.4000,1.35,0.32986,1.6074,18.858
archive7yr,hard,7,200,1.4000-1.5000,1.45,0.32033,1.09241,10.2151
archive7yr,hard,7,200,1.5000-1.6000,1.55,0.3117,0.579866,6.20171
archive7yr,hard,7,200,1.6000-1.7000,1.65,0.30383,0.496703,5.15181
archive7yr,hard,7,200,1.7000-1.8000,1.75,0.29661,0.557389,4.96942
archive7yr,hard,7,200,1.8000-1.9000,1.85,0.28996,0.568495,5.48805
archive7yr,hard,7,200,1.9000-2.0400,1.97,0.28263,0.426054,3.79215
archive7yr,hard,7,200,2.0400-2.2000,2.12,0.2743,0.337499,3.55732
archive7yr,hard,7,200,2.2000-2.3550,2.2775,0.2664,0.328673,3.77996
archive7yr,hard,7,200,2.3550-2.5100,2.4325,0.25934,0.339349,3.66162
archive7yr,hard,7,280,0.8000-0.9000,0.85,0.5582,inf,inf
archive7yr,hard,7,280,0.9000-1.0000,0.95,0.53348,inf,inf
archive7yr,hard,7,280,1.0000-1.1000,1.05,0.51204,inf,inf
archive7yr,hard,7,280,1.1000-1.2000,1.15,0.49326,inf,inf
archive7yr,hard,7,280,1.2000-1.3000,1.25,0.47664,inf,inf
archive7yr,hard,7,280,1.3000-1.4000,1.35,0.4618,inf,inf
archive7yr,hard,7,280,1.4000-1.5000,1.45,0.44846,inf,inf
archive7yr,hard,7,280,1.5000-1.6000,1.55,0.43638,inf,inf
archive7yr,hard,7,280,1.6000-1.7000,1.65,0.42536,inf,inf
archive7yr,hard,7,280,1.7000-1.8000,1.75,0.41526,inf,inf
archive7yr,hard,7,280,1.8000-1.9000,1.85,0.40595,inf,inf
archive7yr,hard,7,280,1.9000-2.0400,1.97,0.39568,32.9735,441.669
archive7yr,hard,7,280,2.0400-2.2000,2.12,0.38402,12.8052,156.037
archive7yr,hard,7,280,2.2000-2.3550,2.2775,0.37296,6.01323,129.186
archive7yr,hard,7,280,2.3550-2.5100,2.4325,0.36307,5.61968,101.411
archive7yr,hard,7,400,0.8000-0.9000,0.85,0.79743,inf,inf
archive7yr,hard,7,400,0.9000-1.0000,0.95,0.76211,inf,inf
archive7yr,hard,7,400,1.0000-1.1000,1.05,0.73149,inf,inf
archive7yr,hard,7,400,1.1000-1.2000,1.15,0.70465,inf,inf
archive7yr,hard,7,400,1.2000-1.3000,1.25,0.68091,inf,inf
archive7yr,hard,7,400,1.3000-1.4000,1.35,0.65972,inf,inf
archive7yr,hard,7,400,1.4000-1.5000,1.45,0.64066,inf,inf
archive7yr,hard,7,400,1.5000-1.6000,1.55,0.6234,inf,inf
archive7yr,hard,7,400,1.6000-1.7000,1.65,0.60766,inf,inf
archive7yr,hard,7,400,1.7000-1.8000,1.75,0.59323,inf,inf
archive7yr,hard,7,400,1.8000-1.9000,1.85,0.57993,inf,inf
archive7yr,hard,7,400,1.9000-2.0400,1.97,0.56525,inf,inf
archive7yr,hard,7,400,2.0400-2.2000,2.12,0.5486,inf,inf
archive7yr,hard,7,400,2.2000-2.3550,2.2775,0.5328,inf,inf
archive7yr,hard,7,400,2.3550-2.5100,2.4325,0.51867,inf,inf
archive7yr_accepted,hard,7,0,0.8000-0.9000,0.85,0,0.0208941,0.0142229
archive7yr_accepted,hard,7,0,0.9000-1.0000,0.95,0,0.0213346,0.0149601
archive7yr_accepted,hard,7,0,1.0000-1.1000,1.05,0,0.0219129,0.0154862
archive7yr_accepted,hard,7,0,1.1000-1.2000,1.15,0,0.0224943,0.0160288
archive7yr_accepted,hard,7,0,1.2000-1.3000,1.25,0,0.0233361,0.0172776
archive7yr_accepted,hard,7,0,1.3000-1.4000,1.35,0,0.0243022,0.018743
archive7yr_accepted,hard,7,0,1.4000-1.5000,1.45,0,0.0251633,0.0197618
archive7yr_accepted,hard,7,0,1.5000-1.6000,1.55,0,0.0262339,0.0213136
archive7yr_accepted,hard,7,0,1.6000-1.7000,1.65,0,0.0273488,0.0229218
archive7yr_accepted,hard,7,0,1.7000-1.8000,1.75,0,0.0285397,0.0244607
archive7yr_accepted,hard,7,0,1.8000-1.9000,1.85,0,0.0300774,0.0277875
archive7yr_accepted,hard,7,0,1.9000-2.0400,1.97,0,0.0267321,0.0256604
archive7yr_accepted,hard,7,0,2.0400-2.2000,2.12,0,0.0265203,0.0255373
archive7yr_accepted,hard,7,0,2.2000-2.3550,2.2775,0,0.0292089,0.0310545
archive7yr_accepted,hard,7,0,2.3550-2.5100,2.4325,0,0.0310267,0.0340762
archive7yr_accepted,hard,7,30,0.8000-0.9000,0.85,0.059807,0.0228286,0.0240436
archive7yr_accepted,hard,7,30,0.9000-1.0000,0.95,0.057158,0.0232939,0.0241616
archive7yr_accepted,hard,7,30,1.0000-1.1000,1.05,0.054861,0.0237972,0.0244095
archive7yr_accepted,hard,7,30,1.1000-1.2000,1.15,0.052849,0.0247057,0.0262706
archive7yr_accepted,hard,7,30,1.2000-1.3000,1.25,0.051068,0.0256098,0.0280146
archive7yr_accepted,hard,7,30,1.3000-1.4000,1.35,0.049479,0.0262936,0.0282646
archive7yr_accepted,hard,7,30,1.4000-1.5000,1.45,0.04805,0.0275324,0.0310728
archive7yr_accepted,hard,7,30,1.5000-1.6000,1.55,0.046755,0.028574,0.0329383
archive7yr_accepted,hard,7,30,1.6000-1.7000,1.65,0.045574,0.0300532,0.036695
archive7yr_accepted,hard,7,30,1.7000-1.8000,1.75,0.044492,0.0312244,0.0386451
archive7yr_accepted,hard,7,30,1.8000-1.9000,1.85,0.043494,0.0323455,0.0400028
archive7yr_accepted,hard,7,30,1.9000-2.0400,1.97,0.042394,0.0292572,0.039337
archive7yr_accepted,hard,7,30,2.0400-2.2000,2.12,0.041145,0.0290287,0.040414
archive7yr_accepted,hard,7,30,2.2000-2.3550,2.2775,0.03996,0.0315963,0.0455388
archive7yr_accepted,hard,7,30,2.3550-2.5100,2.4325,0.0389,0.0337062,0.051001
archive7yr_accepted,hard,7,50,0.8000-0.9000,0.85,0.099678,0.0258298,0.0376746
archive7yr_accepted,hard,7,50,0.9000-1.0000,0.95,0.095264,0.0265517,0.0387401
archive7yr_accepted,hard,7,50,1.0000-1.1000,1.05,0.091436,0.0272058,0.0391799
archive7yr_accepted,hard,7,50,1.1000-1.2000,1.15,0.088081,0.0279941,0.0407755
archive7yr_accepted,hard,7,50,1.2000-1.3000,1.25,0.085114,0.0285913,0.0411711
archive7yr_accepted,hard,7,50,1.3000-1.4000,1.35,0.082465,0.0297079,0.0450203
archive7yr_accepted,hard,7,50,1.4000-1.5000,1.45,0.080083,0.0306838,0.0473853
archive7yr_accepted,hard,7,50,1.5000-1.6000,1.55,0.077925,0.0319137,0.0505594
archive7yr_accepted,hard,7,50,1.6000-1.7000,1.65,0.075957,0.0330966,0.0526694
archive7yr_accepted,hard,7,50,1.7000-1.8000,1.75,0.074153,0.0349503,0.0592222
archive7yr_accepted,hard,7,50,1.8000-1.9000,1.85,0.072491,0.0362713,0.0630356
archive7yr_accepted,hard,7,50,1.9000-2.0400,1.97,0.070657,0.0319305,0.0552964
archive7yr_accepted,hard,7,50,2.0400-2.2000,2.12,0.068574,0.0322196,0.059915
archive7yr_accepted,hard,7,50,2.2000-2.3550,2.2775,0.0666,0.0351804,0.0690312
archive7yr_accepted,hard,7,50,2.3550-2.5100,2.4325,0.064834,0.0376427,0.0771016
archive7yr_accepted,hard,7,75,0.8000-0.9000,0.85,0.14952,0.0361076,0.0794603
archive7yr_accepted,hard,7,75,0.9000-1.0000,0.95,0.1429,0.0356473,0.077325
archive7yr_accepted,hard,7,75,1.0000-1.1000,1.05,0.13715,0.0354681,0.0752972
archive7yr_accepted,hard,7,75,1.1000-1.2000,1.15,0.13212,0.0363426,0.076774
archive7yr_accepted,hard,7,75,1.2000-1.3000,1.25,0.12767,0.0382116,0.08272
archive7yr_accepted,hard,7,75,1.3000-1.4000,1.35,0.1237,0.0389613,0.0841059
archive7yr_accepted,hard,7,75,1.4000-1.5000,1.45,0.12012,0.0404357,0.0916319
archive7yr_accepted,hard,7,75,1.5000-1.6000,1.55,0.11689,0.0402359,0.08928
archive7yr_accepted,hard,7,75,1.6000-1.7000,1.65,0.11394,0.0418601,0.100295
archive7yr_accepted,hard,7,75,1.7000-1.8000,1.75,0.11123,0.0428927,0.103585
archive7yr_accepted,hard,7,75,1.8000-1.9000,1.85,0.10874,0.0443255,0.107979
archive7yr_accepted,hard,7,75,1.9000-2.0400,1.97,0.10598,0.0397915,0.104551
archive7yr_accepted,hard,7,75,2.0400-2.2000,2.12,0.10286,0.0394711,0.107239
archive7yr_accepted,hard,7,75,2.2000-2.3550,2.2775,0.0999,0.0429805,0.119257
archive7yr_accepted,hard,7,75,2.3550-2.5100,2.4325,0.097251,0.0455533,0.130274
archive7yr_accepted,hard,7,100,0.8000-0.9000,0.85,0.19936,0.059881,0.216452
archive7yr_accepted,hard,7,100,0.9000-1.0000,0.95,0.19053,0.0621753,0.198446
archive7yr_accepted,hard,7,100,1.0000-1.1000,1.05,0.18287,0.0603242,0.183808
archive7yr_accepted,hard,7,100,1.1000-1.2000,1.15,0.17616,0.0578727,0.175252
archive7yr_accepted,hard,7,100,1.2000-1.3000,1.25,0.17023,0.0560946,0.173714
archive7yr_accepted,hard,7,100,1.3000-1.4000,1.35,0.16493,0.0583901,0.187681
archive7yr_accepted,hard,7,100,1.4000-1.5000,1.45,0.16017,0.0597368,0.181111
archive7yr_accepted,hard,7,100,1.5000-1.6000,1.55,0.15585,0.0619318,0.193884
archive7yr_accepted,hard,7,100,1.6000-1.7000,1.65,0.15191,0.0620054,0.209298
archive7yr_accepted,hard,7,100,1.7000-1.8000,1.75,0.14831,0.0616609,0.200678
archive7yr_accepted,hard,7,100,1.8000-1.9000,1.85,0.14498,0.0640569,0.219404
archive7yr_accepted,hard,7,100,1.9000-2.0400,1.97,0.14131,0.0547871,0.203234
archive7yr_accepted,hard,7,100,2.0400-2.2000,2.12,0.13715,0.0543057,0.209139
archive7yr_accepted,hard,7,100,2.2000-2.3550,2.2775,0.1332,0.0581703,0.223982
archive7yr_accepted,hard,7,100,2.3550-2.5100,2.4325,0.12967,0.0634261,0.270771
archive7yr_accepted,hard,7,110,0.8000-0.9000,0.85,0.21929,0.0915119,0.450697
archive7yr_accepted,hard,7,110,0.9000-1.0000,0.95,0.20958,0.0766173,0.281446
archive7yr_accepted,hard,7,110,1.0000-1.1000,1.05,0.20116,0.0735826,0.271046
archive7yr_accepted,hard,7,110,1.1000-1.2000,1.15,0.19378,0.0740994,0.253016
archive7yr_accepted,hard,7,110,1.2000-1.3000,1.25,0.18725,0.0766214,0.274117
archive7yr_accepted,hard,7,110,1.3000-1.4000,1.35,0.18142,0.071672,0.246535
archive7yr_accepted,hard,7,110,1.4000-1.5000,1.45,0.17618,0.072938,0.274006
archive7yr_accepted,hard,7,110,1.5000-1.6000,1.55,0.17143,0.069281,0.245065
archive7yr_accepted,hard,7,110,1.6000-1.7000,1.65,0.16711,0.0727822,0.275135
archive7yr_accepted,hard,7,110,1.7000-1.8000,1.75,0.16314,0.0762146,0.295289
archive7yr_accepted,hard,7,110,1.8000-1.9000,1.85,0.15948,0.0790267,0.300081
archive7yr_accepted,hard,7,110,1.9000-2.0400,1.97,0.15544,0.0693477,0.267993
archive7yr_accepted,hard,7,110,2.0400-2.2000,2.12,0.15086,0.0661494,0.288517
archive7yr_accepted,hard,7,110,2.2000-2.3550,2.2775,0.14652,0.0699132,0.314589
archive7yr_accepted,hard,7,110,2.3550-2.5100,2.4325,0.14264,0.0691113,0.320465
archive7yr_accepted,hard,7,125,0.8000-0.9000,0.85,0.2492,0.175137,1.40897
archive7yr_accepted,hard,7,125,0.9000-1.0000,0.95,0.23816,0.119401,0.606857
archive7yr_accepted,hard,7,125,1.0000-1.1000,1.05,0.22859,0.121989,0.54535
archive7yr_accepted,hard,7,125,1.1000-1.2000,1.15,0.2202,0.121376,0.522174
archive7yr_accepted,hard,7,125,1.2000-1.3000,1.25,0.21278,0.1064,0.431484
archive7yr_accepted,hard,7,125,1.3000-1.4000,1.35,0.20616,0.100599,0.464938
archive7yr_accepted,hard,7,125,1.4000-1.5000,1.45,0.20021,0.0994195,0.416344
archive7yr_accepted,hard,7,125,1.5000-1.6000,1.55,0.19481,0.104429,0.467169
archive7yr_accepted,hard,7,125,1.6000-1.7000,1.65,0.18989,0.107618,0.482924
archive7yr_accepted,hard,7,125,1.7000-1.8000,1.75,0.18538,0.104727,0.46037
archive7yr_accepted,hard,7,125,1.8000-1.9000,1.85,0.18123,0.103894,0.482666
archive7yr_accepted,hard,7,125,1.9000-2.0400,1.97,0.17664,0.090148,0.460943
archive7yr_accepted,hard,7,125,2.0400-2.2000,2.12,0.17144,0.0818828,0.405692
archive7yr_accepted,hard,7,125,2.2000-2.3550,2.2775,0.1665,0.0901523,0.493572
archive7yr_accepted,hard,7,125,2.3550-2.5100,2.4325,0.16209,0.0980239,0.586177
archive7yr_accepted,hard,7,140,0.8000-0.9000,0.85,0.2791,0.526172,11.2038
archive7yr_accepted,hard,7,140,0.9000-1.0000,0.95,0.26674,0.232875,1.75056
archive7yr_accepted,hard,7,140,1.0000-1.1000,1.05,0.25602,0.225775,1.27984
archive7yr_accepted,hard,7,140,1.1000-1.2000,1.15,0.24663,0.200545,0.993046
archive7yr_accepted,hard,7,140,1.2000-1.3000,1.25,0.23832,0.161997,0.921341
archive7yr_accepted,hard,7,140,1.3000-1.4000,1.35,0.2309,0.16163,0.782263
archive7yr_accepted,hard,7,140,1.4000-1.5000,1.45,0.22423,0.168805,0.882854
archive7yr_accepted,hard,7,140,1.5000-1.6000,1.55,0.21819,0.159765,0.757203
archive7yr_accepted,hard,7,140,1.6000-1.7000,1.65,0.21268,0.147099,0.756639
archive7yr_accepted,hard,7,140,1.7000-1.8000,1.75,0.20763,0.146455,0.833701
archive7yr_accepted,hard,7,140,1.8000-1.9000,1.85,0.20297,0.146995,0.85842
archive7yr_accepted,hard,7,140,1.9000-2.0400,1.97,0.19784,0.12127,0.682939
archive7yr_accepted,hard,7,140,2.0400-2.2000,2.12,0.19201,0.126037,0.784636
archive7yr_accepted,hard,7,140,2.2000-2.3550,2.2775,0.18648,0.129033,0.794352
archive7yr_accepted,hard,7,140,2.3550-2.5100,2.4325,0.18154,0.125618,0.79667
archive7yr_accepted,hard,7,150,0.8000-0.9000,0.85,0.29904,inf,inf
archive7yr_accepted,hard,7,150,0.9000-1.0000,0.95,0.28579,0.535941,6.29939
archive7yr_accepted,hard,7,150,1.0000-1.1000,1.05,0.27431,0.28375,1.90859
archive7yr_accepted,hard,7,150,1.1000-1.2000,1.15,0.26424,0.285337,1.87247
archive7yr_accepted,hard,7,150,1.2000-1.3000,1.25,0.25534,0.275622,1.49578
archive7yr_accepted,hard,7,150,1.3000-1.4000,1.35,0.24739,0.249189,1.47432
archive7yr_accepted,hard,7,150,1.4000-1.5000,1.45,0.24025,0.200913,1.11486
archive7yr_accepted,hard,7,150,1.5000-1.6000,1.55,0.23377,0.203479,1.24738
archive7yr_accepted,hard,7,150,1.6000-1.7000,1.65,0.22787,0.206315,1.16391
archive7yr_accepted,hard,7,150,1.7000-1.8000,1.75,0.22246,0.207511,1.16318
archive7yr_accepted,hard,7,150,1.8000-1.9000,1.85,0.21747,0.207243,1.26458
archive7yr_accepted,hard,7,150,1.9000-2.0400,1.97,0.21197,0.160139,1.08571
archive7yr_accepted,hard,7,150,2.0400-2.2000,2.12,0.20572,0.142542,0.951182
archive7yr_accepted,hard,7,150,2.2000-2.3550,2.2775,0.1998,0.157416,1.1997
archive7yr_accepted,hard,7,150,2.3550-2.5100,2.4325,0.1945,0.164167,1.21338
archive7yr_accepted,hard,7,160,0.8000-0.9000,0.85,0.31897,inf,inf
archive7yr_accepted,hard,7,160,0.9000-1.0000,0.95,0.30484,1.65066,28.1675
archive7yr_accepted,hard,7,160,1.0000-1.1000,1.05,0.29259,0.6131,5.04065
archive7yr_accepted,hard,7,160,1.1000-1.2000,1.15,0.28186,0.519164,3.25314
archive7yr_accepted,hard,7,160,1.2000-1.3000,1.25,0.27236,0.362803,2.79922
archive7yr_accepted,hard,7,160,1.3000-1.4000,1.35,0.26389,0.324935,2.07713
archive7yr_accepted,hard,7,160,1.4000-1.5000,1.45,0.25626,0.331577,1.91711
archive7yr_accepted,hard,7,160,1.5000-1.6000,1.55,0.24936,0.313386,1.80534
archive7yr_accepted,hard,7,160,1.6000-1.7000,1.65,0.24306,0.30694,1.93985
archive7yr_accepted,hard,7,160,1.7000-1.8000,1.75,0.23729,0.256983,1.89549
archive7yr_accepted,hard,7,160,1.8000-1.9000,1.85,0.23197,0.247859,1.67946
archive7yr_accepted,hard,7,160,1.9000-2.0400,1.97,0.2261,0.215598,1.58736
archive7yr_accepted,hard,7,160,2.0400-2.2000,2.12,0.21944,0.211478,1.62046
archive7yr_accepted,hard,7,160,2.2000-2.3550,2.2775,0.21312,0.203233,1.47451
archive7yr_accepted,hard,7,160,2.3550-2.5100,2.4325,0.20747,0.194776,1.78811
archive7yr_accepted,hard,7,175,0.8000-0.9000,0.85,0.34887,inf,inf
archive7yr_accepted,hard,7,175,0.9000-1.0000,0.95,0.33342,inf,inf
archive7yr_accepted,hard,7,175,1.0000-1.1000,1.05,0.32002,2.15545,62.8394
archive7yr_accepted,hard,7,175,1.1000-1.2000,1.15,0.30828,0.901075,11.2988
archive7yr_accepted,hard,7,175,1.2000-1.3000,1.25,0.2979,0.832511,8.53808
archive7yr_accepted,hard,7,175,1.3000-1.4000,1.35,0.28863,0.886112,7.19791
archive7yr_accepted,hard,7,175,1.4000-1.5000,1.45,0.28029,0.63307,4.20634
archive7yr_accepted,hard,7,175,1.5000-1.6000,1.55,0.27274,0.455679,3.53009
archive7yr_accepted,hard,7,175,1.6000-1.7000,1.65,0.26585,0.452277,3.32911
archive7yr_accepted,hard,7,175,1.7000-1.8000,1.75,0.25954,0.449775,3.40572
archive7yr_accepted,hard,7,175,1.8000-1.9000,1.85,0.25372,0.469569,3.68367
archive7yr_accepted,hard,7,175,1.9000-2.0400,1.97,0.2473,0.349158,2.67732
archive7yr_accepted,hard,7,175,2.0400-2.2000,2.12,0.24001,0.29791,2.56341
archive7yr_accepted,hard,7,175,2.2000-2.3550,2.2775,0.2331,0.320749,3.14261
archive7yr_accepted,hard,7,175,2.3550-2.5100,2.4325,0.22692,0.316249,2.91886
archive7yr_accepted,hard,7,200,0.8000-0.9000,0.85,0.39871,inf,inf
archive7yr_accepted,hard,7,200,0.9000-1.0000,0.95,0.38105,inf,inf
archive7yr_accepted,hard,7,200,1.0000-1.1000,1.05,0.36574,inf,inf
archive7yr_accepted,hard,7,200,1.1000-1.2000,1.15,0.35233,inf,inf
archive7yr_accepted,hard,7,200,1.2000-1.3000,1.25,0.34045,4.36931,242.454
archive7yr_accepted,hard,7,200,1.3000-1.4000,1.35,0.32986,3.33384,39.1126
archive7yr_accepted,hard,7,200,1.4000-1.5000,1.45,0.32033,2.26572,21.1866
archive7yr_accepted,hard,7,200,1.5000-1.6000,1.55,0.3117,1.20267,12.8627
archive7yr_accepted,hard,7,200,1.6000-1.7000,1.65,0.30383,1.03019,10.6852
archive7yr_accepted,hard,7,200,1.7000-1.8000,1.75,0.29661,1.15606,10.3069
archive7yr_accepted,hard,7,200,1.8000-1.9000,1.85,0.28996,1.17909,11.3825
archive7yr_accepted,hard,7,200,1.9000-2.0400,1.97,0.28263,0.88366,7.86514
archive7yr_accepted,hard,7,200,2.0400-2.2000,2.12,0.2743,0.699992,7.37809
archive7yr_accepted,hard,7,200,2.2000-2.3550,2.2775,0.2664,0.681687,7.83985
archive7yr_accepted,hard,7,200,2.3550-2.5100,2.4325,0.25934,0.703828,7.5944
archive7yr_accepted,hard,7,280,0.8000-0.9000,0.85,0.5582,inf,inf
archive7yr_accepted,hard,7,280,0.9000-1.0000,0.95,0.53348,inf,inf
archive7yr_accepted,hard,7,280,1.0000-1.1000,1.05,0.51204,inf,inf
archive7yr_accepted,hard,7,280,1.1000-1.2000,1.15,0.49326,inf,inf
archive7yr_accepted,hard,7,280,1.2000-1.3000,1.25,0.47664,inf,inf
archive7yr_accepted,hard,7,280,1.3000-1.4000,1.35,0.4618,inf,inf
archive7yr_accepted,hard,7,280,1.4000-1.5000,1.45,0.44846,inf,inf
archive7yr_accepted,hard,7,280,1.5000-1.6000,1.55,0.43638,inf,inf
archive7yr_accepted,hard,7,280,1.6000-1.7000,1.65,0.42536,inf,inf
archive7yr_accepted,hard,7,280,1.7000-1.8000,1.75,0.41526,inf,inf
archive7yr_accepted,hard,7,280,1.8000-1.9000,1.85,0.40595,inf,inf
archive7yr_accepted,hard,7,280,1.9000-2.0400,1.97,0.39568,68.3889,916.047
archive7yr_accepted,hard,7,280,2.0400-2.2000,2.12,0.38402,26.5586,323.629
archive7yr_accepted,hard,7,280,2.2000-2.3550,2.2775,0.37296,12.4718,267.939
archive7yr_accepted,hard,7,280,2.3550-2.5100,2.4325,0.36307,11.6555,210.333
archive7yr_accepted,hard,7,400,0.8000-0.9000,0.85,0.79743,inf,inf
archive7yr_accepted,hard,7,400,0.9000-1.0000,0.95,0.76211,inf,inf
archive7yr_accepted,hard,7,400,1.0000-1.1000,1.05,0.73149,inf,inf
archive7yr_accepted,hard,7,400,1.1000-1.2000,1.15,0.70465,inf,inf
archive7yr_accepted,hard,7,400,1.2000-1.3000,1.25,0.68091,inf,inf
archive7yr_accepted,hard,7,400,1.3000-1.4000,1.35,0.65972,inf,inf
archive7yr_accepted,hard,7,400,1.4000-1.5000,1.45,0.64066,inf,inf
archive7yr_accepted,hard,7,400,1.5000-1.6000,1.55,0.6234,inf,inf
archive7yr_accepted,hard,7,400,1.6000-1.7000,1.65,0.60766,inf,inf
archive7yr_accepted,hard,7,400,1.7000-1.8000,1.75,0.59323,inf,inf
archive7yr_accepted,hard,7,400,1.8000-1.9000,1.85,0.57993,inf,inf
archive7yr_accepted,hard,7,400,1.9000-2.0400,1.97,0.56525,inf,inf
archive7yr_accepted,hard,7,400,2.0400-2.2000,2.12,0.5486,inf,inf
archive7yr_accepted,hard,7,400,2.2000-2.3550,2.2775,0.5328,inf,inf
archive7yr_accepted,hard,7,400,2.3550-2.5100,2.4325,0.51867,inf,inf
chime2025_masked,hard,7,0,1.0068-1.1163,1.0616,0,0.058777,0.0471812
chime2025_masked,hard,7,0,1.1163-1.2259,1.1711,0,0.0612832,0.0492487
chime2025_masked,hard,7,0,1.2259-1.3354,1.2807,0,0.0641496,0.051817
chime2025_masked,hard,7,30,1.0068-1.1163,1.0616,0.054615,0.0628221,0.0683057
chime2025_masked,hard,7,30,1.1163-1.2259,1.1711,0.052455,0.0660824,0.0742843
chime2025_masked,hard,7,30,1.2259-1.3354,1.2807,0.050562,0.0698939,0.0815925
chime2025_masked,hard,7,50,1.0068-1.1163,1.0616,0.091025,0.0729113,0.11416
chime2025_masked,hard,7,50,1.1163-1.2259,1.1711,0.087425,0.076272,0.11963
chime2025_masked,hard,7,50,1.2259-1.3354,1.2807,0.08427,0.07929,0.124675
chime2025_masked,hard,7,75,1.0068-1.1163,1.0616,0.13654,0.0979726,0.224729
chime2025_masked,hard,7,75,1.1163-1.2259,1.1711,0.13114,0.1026,0.229015
chime2025_masked,hard,7,75,1.2259-1.3354,1.2807,0.12641,0.109644,0.255373
chime2025_masked,hard,7,100,1.0068-1.1163,1.0616,0.18205,0.176019,0.574065
chime2025_masked,hard,7,100,1.1163-1.2259,1.1711,0.17485,0.165882,0.534882
chime2025_masked,hard,7,100,1.2259-1.3354,1.2807,0.16854,0.167076,0.55216
chime2025_masked,hard,7,110,1.0068-1.1163,1.0616,0.20025,0.21809,0.805018
chime2025_masked,hard,7,110,1.1163-1.2259,1.1711,0.19234,0.227091,0.825345
chime2025_masked,hard,7,110,1.2259-1.3354,1.2807,0.18539,0.223816,0.853024
chime2025_masked,hard,7,125,1.0068-1.1163,1.0616,0.22756,0.383643,1.80898
chime2025_masked,hard,7,125,1.1163-1.2259,1.1711,0.21856,0.371649,1.64056
chime2025_masked,hard,7,125,1.2259-1.3354,1.2807,0.21068,0.310449,1.44485
chime2025_masked,hard,7,140,1.0068-1.1163,1.0616,0.25487,0.732129,4.29865
chime2025_masked,hard,7,140,1.1163-1.2259,1.1711,0.24479,0.656397,3.37781
chime2025_masked,hard,7,140,1.2259-1.3354,1.2807,0.23596,0.543965,3.25335
chime2025_masked,hard,7,150,1.0068-1.1163,1.0616,0.27307,0.907181,6.48912
chime2025_masked,hard,7,150,1.1163-1.2259,1.1711,0.26228,0.998144,6.76072
chime2025_masked,hard,7,150,1.2259-1.3354,1.2807,0.25281,0.908415,5.12691
chime2025_masked,hard,7,160,1.0068-1.1163,1.0616,0.29128,2.12003,16.9008
chime2025_masked,hard,7,160,1.1163-1.2259,1.1711,0.27976,1.7853,11.4172
chime2025_masked,hard,7,160,1.2259-1.3354,1.2807,0.26966,1.13932,8.00638
chime2025_masked,hard,7,175,1.0068-1.1163,1.0616,0.31859,7.46842,205.436
chime2025_masked,hard,7,175,1.1163-1.2259,1.1711,0.30599,3.48318,45.798
chime2025_masked,hard,7,175,1.2259-1.3354,1.2807,0.29495,3.20582,25.0676
chime2025_masked,hard,7,200,1.0068-1.1163,1.0616,0.3641,inf,inf
chime2025_masked,hard,7,200,1.1163-1.2259,1.1711,0.3497,inf,inf
chime2025_masked,hard,7,200,1.2259-1.3354,1.2807,0.33708,inf,inf
chime2025_masked,hard,7,280,1.0068-1.1163,1.0616,0.50974,inf,inf
chime2025_masked,hard,7,280,1.1163-1.2259,1.1711,0.48958,inf,inf
chime2025_masked,hard,7,280,1.2259-1.3354,1.2807,0.47191,inf,inf
chime2025_masked,hard,7,400,1.0068-1.1163,1.0616,0.7282,inf,inf
chime2025_masked,hard,7,400,1.1163-1.2259,1.1711,0.6994,inf,inf
chime2025_masked,hard,7,400,1.2259-1.3354,1.2807,0.67416,inf,inf
archive7yr,soft,7,0,0.8000-0.9000,0.85,0,0.010074,0.00685753
archive7yr,soft,7,0,0.9000-1.0000,0.95,0,0.0102864,0.00721297
archive7yr,soft,7,0,1.0000-1.1000,1.05,0,0.0105652,0.00746665
archive7yr,soft,7,0,1.1000-1.2000,1.15,0,0.0108456,0.00772823
archive7yr,soft,7,0,1.2000-1.3000,1.25,0,0.0112514,0.00833033
archive7yr,soft,7,0,1.3000-1.4000,1.35,0,0.0117172,0.00903689
archive7yr,soft,7,0,1.4000-1.5000,1.45,0,0.0121324,0.00952809
archive7yr,soft,7,0,1.5000-1.6000,1.55,0,0.0126486,0.0102763
archive7yr,soft,7,0,1.6000-1.7000,1.65,0,0.0131861,0.0110517
archive7yr,soft,7,0,1.7000-1.8000,1.75,0,0.0137603,0.0117937
archive7yr,soft,7,0,1.8000-1.9000,1.85,0,0.0145017,0.0133976
archive7yr,soft,7,0,1.9000-2.0400,1.97,0,0.0128888,0.0123721
archive7yr,soft,7,0,2.0400-2.2000,2.12,0,0.0127867,0.0123127
archive7yr,soft,7,0,2.2000-2.3550,2.2775,0,0.014083,0.0149728
archive7yr,soft,7,0,2.3550-2.5100,2.4325,0,0.0149594,0.0164297
archive7yr,soft,7,30,0.8000-0.9000,0.85,0.059807,0.01094,0.0111779
archive7yr,soft,7,30,0.9000-1.0000,0.95,0.057158,0.0112081,0.0114969
archive7yr,soft,7,30,1.0000-1.1000,1.05,0.054861,0.0114313,0.0114164
archive7yr,soft,7,30,1.1000-1.2000,1.15,0.052849,0.0119062,0.0125058
archive7yr,soft,7,30,1.2000-1.3000,1.25,0.051068,0.0123245,0.0131657
archive7yr,soft,7,30,1.3000-1.4000,1.35,0.049479,0.0127009,0.013472
archive7yr,soft,7,30,1.4000-1.5000,1.45,0.04805,0.013298,0.0148566
archive7yr,soft,7,30,1.5000-1.6000,1.55,0.046755,0.0138232,0.0158282
archive7yr,soft,7,30,1.6000-1.7000,1.65,0.045574,0.0145172,0.0174683
archive7yr,soft,7,30,1.7000-1.8000,1.75,0.044492,0.0150705,0.0183089
archive7yr,soft,7,30,1.8000-1.9000,1.85,0.043494,0.0156841,0.0193575
archive7yr,soft,7,30,1.9000-2.0400,1.97,0.042394,0.0141982,0.019154
archive7yr,soft,7,30,2.0400-2.2000,2.12,0.041145,0.014003,0.019183
archive7yr,soft,7,30,2.2000-2.3550,2.2775,0.03996,0.0153015,0.0219793
archive7yr,soft,7,30,2.3550-2.5100,2.4325,0.0389,0.0163668,0.0248804
archive7yr,soft,7,50,0.8000-0.9000,0.85,0.099678,0.0121435,0.0169055
archive7yr,soft,7,50,0.9000-1.0000,0.95,0.095264,0.0123853,0.0166789
archive7yr,soft,7,50,1.0000-1.1000,1.05,0.091436,0.0128106,0.017658
archive7yr,soft,7,50,1.1000-1.2000,1.15,0.088081,0.0132048,0.0180583
archive7yr,soft,7,50,1.2000-1.3000,1.25,0.085114,0.013662,0.0190206
archive7yr,soft,7,50,1.3000-1.4000,1.35,0.082465,0.0141297,0.019996
archive7yr,soft,7,50,1.4000-1.5000,1.45,0.080083,0.0148052,0.0216223
archive7yr,soft,7,50,1.5000-1.6000,1.55,0.077925,0.0153743,0.0228721
archive7yr,soft,7,50,1.6000-1.7000,1.65,0.075957,0.0160421,0.0246125
archive7yr,soft,7,50,1.7000-1.8000,1.75,0.074153,0.0169512,0.0278323
archive7yr,soft,7,50,1.8000-1.9000,1.85,0.072491,0.017391,0.0283496
archive7yr,soft,7,50,1.9000-2.0400,1.97,0.070657,0.0154931,0.0260224
archive7yr,soft,7,50,2.0400-2.2000,2.12,0.068574,0.015585,0.028153
archive7yr,soft,7,50,2.2000-2.3550,2.2775,0.0666,0.0168852,0.0315601
archive7yr,soft,7,50,2.3550-2.5100,2.4325,0.064834,0.0179929,0.0350955
archive7yr,soft,7,75,0.8000-0.9000,0.85,0.14952,0.0153941,0.0308532
archive7yr,soft,7,75,0.9000-1.0000,0.95,0.1429,0.0156541,0.0305987
archive7yr,soft,7,75,1.0000-1.1000,1.05,0.13715,0.0159125,0.0301873
archive7yr,soft,7,75,1.1000-1.2000,1.15,0.13212,0.0162781,0.031168
archive7yr,soft,7,75,1.2000-1.3000,1.25,0.12767,0.0167978,0.032893
archive7yr,soft,7,75,1.3000-1.4000,1.35,0.1237,0.0175248,0.0349493
archive7yr,soft,7,75,1.4000-1.5000,1.45,0.12012,0.0180594,0.0361403
archive7yr,soft,7,75,1.5000-1.6000,1.55,0.11689,0.0189059,0.0398068
archive7yr,soft,7,75,1.6000-1.7000,1.65,0.11394,0.0196256,0.0422102
archive7yr,soft,7,75,1.7000-1.8000,1.75,0.11123,0.0202662,0.0435567
archive7yr,soft,7,75,1.8000-1.9000,1.85,0.10874,0.0213441,0.0489192
archive7yr,soft,7,75,1.9000-2.0400,1.97,0.10598,0.0187438,0.0440683
archive7yr,soft,7,75,2.0400-2.2000,2.12,0.10286,0.0185849,0.0451254
archive7yr,soft,7,75,2.2000-2.3550,2.2775,0.0999,0.0201785,0.0519513
archive7yr,soft,7,75,2.3550-2.5100,2.4325,0.097251,0.0215472,0.059495
archive7yr,soft,7,100,0.8000-0.9000,0.85,0.19936,0.0226764,0.0632427
archive7yr,soft,7,100,0.9000-1.0000,0.95,0.19053,0.0230445,0.0624465
archive7yr,soft,7,100,1.0000-1.1000,1.05,0.18287,0.0229799,0.0586613
archive7yr,soft,7,100,1.1000-1.2000,1.15,0.17616,0.0231401,0.0617143
archive7yr,soft,7,100,1.2000-1.3000,1.25,0.17023,0.0233292,0.0621931
archive7yr,soft,7,100,1.3000-1.4000,1.35,0.16493,0.023827,0.0638025
archive7yr,soft,7,100,1.4000-1.5000,1.45,0.16017,0.0248279,0.0696337
archive7yr,soft,7,100,1.5000-1.6000,1.55,0.15585,0.0254309,0.0714281
archive7yr,soft,7,100,1.6000-1.7000,1.65,0.15191,0.0261479,0.0739896
archive7yr,soft,7,100,1.7000-1.8000,1.75,0.14831,0.0273341,0.0821849
archive7yr,soft,7,100,1.8000-1.9000,1.85,0.14498,0.0279037,0.0846111
archive7yr,soft,7,100,1.9000-2.0400,1.97,0.14131,0.0245967,0.0771296
archive7yr,soft,7,100,2.0400-2.2000,2.12,0.13715,0.0241326,0.0806963
archive7yr,soft,7,100,2.2000-2.3550,2.2775,0.1332,0.0261214,0.0931551
archive7yr,soft,7,100,2.3550-2.5100,2.4325,0.12967,0.027392,0.100339
archive7yr,soft,7,110,0.8000-0.9000,0.85,0.21929,0.0279096,0.0967517
archive7yr,soft,7,110,0.9000-1.0000,0.95,0.20958,0.0273665,0.0824262
archive7yr,soft,7,110,1.0000-1.1000,1.05,0.20116,0.0277211,0.082788
archive7yr,soft,7,110,1.1000-1.2000,1.15,0.19378,0.0281049,0.081517
archive7yr,soft,7,110,1.2000-1.3000,1.25,0.18725,0.0281737,0.0833114
archive7yr,soft,7,110,1.3000-1.4000,1.35,0.18142,0.0285916,0.0874834
archive7yr,soft,7,110,1.4000-1.5000,1.45,0.17618,0.0284973,0.0867674
archive7yr,soft,7,110,1.5000-1.6000,1.55,0.17143,0.0293755,0.0961202
archive7yr,soft,7,110,1.6000-1.7000,1.65,0.16711,0.0296025,0.094517
archive7yr,soft,7,110,1.7000-1.8000,1.75,0.16314,0.0309091,0.102431
archive7yr,soft,7,110,1.8000-1.9000,1.85,0.15948,0.0320446,0.110725
archive7yr,soft,7,110,1.9000-2.0400,1.97,0.15544,0.0283481,0.100053
archive7yr,soft,7,110,2.0400-2.2000,2.12,0.15086,0.0279387,0.101702
archive7yr,soft,7,110,2.2000-2.3550,2.2775,0.14652,0.0301637,0.118164
archive7yr,soft,7,110,2.3550-2.5100,2.4325,0.14264,0.0315994,0.132139
archive7yr,soft,7,125,0.8000-0.9000,0.85,0.2492,0.0397018,0.166403
archive7yr,soft,7,125,0.9000-1.0000,0.95,0.23816,0.0390905,0.142741
archive7yr,soft,7,125,1.0000-1.1000,1.05,0.22859,0.0389867,0.13588
archive7yr,soft,7,125,1.1000-1.2000,1.15,0.2202,0.0374937,0.129863
archive7yr,soft,7,125,1.2000-1.3000,1.25,0.21278,0.0372348,0.132335
archive7yr,soft,7,125,1.3000-1.4000,1.35,0.20616,0.0371261,0.13442
archive7yr,soft,7,125,1.4000-1.5000,1.45,0.20021,0.037968,0.140996
archive7yr,soft,7,125,1.5000-1.6000,1.55,0.19481,0.0383232,0.138726
archive7yr,soft,7,125,1.6000-1.7000,1.65,0.18989,0.0397777,0.153504
archive7yr,soft,7,125,1.7000-1.8000,1.75,0.18538,0.0399597,0.151994
archive7yr,soft,7,125,1.8000-1.9000,1.85,0.18123,0.0407978,0.160332
archive7yr,soft,7,125,1.9000-2.0400,1.97,0.17664,0.035307,0.146484
archive7yr,soft,7,125,2.0400-2.2000,2.12,0.17144,0.0343898,0.152708
archive7yr,soft,7,125,2.2000-2.3550,2.2775,0.1665,0.0362926,0.1643
archive7yr,soft,7,125,2.3550-2.5100,2.4325,0.16209,0.0382612,0.185985
archive7yr,soft,7,140,0.8000-0.9000,0.85,0.2791,0.0652095,0.446013
archive7yr,soft,7,140,0.9000-1.0000,0.95,0.26674,0.0611479,0.247268
archive7yr,soft,7,140,1.0000-1.1000,1.05,0.25602,0.05696,0.24706
archive7yr,soft,7,140,1.1000-1.2000,1.15,0.24663,0.0527614,0.216542
archive7yr,soft,7,140,1.2000-1.3000,1.25,0.23832,0.0522674,0.220225
archive7yr,soft,7,140,1.3000-1.4000,1.35,0.2309,0.0525487,0.217952
archive7yr,soft,7,140,1.4000-1.5000,1.45,0.22423,0.0521329,0.219483
archive7yr,soft,7,140,1.5000-1.6000,1.55,0.21819,0.0514936,0.224058
archive7yr,soft,7,140,1.6000-1.7000,1.65,0.21268,0.0517151,0.223202
archive7yr,soft,7,140,1.7000-1.8000,1.75,0.20763,0.0527084,0.241539
archive7yr,soft,7,140,1.8000-1.9000,1.85,0.20297,0.0530753,0.251027
archive7yr,soft,7,140,1.9000-2.0400,1.97,0.19784,0.0461537,0.220603
archive7yr,soft,7,140,2.0400-2.2000,2.12,0.19201,0.0449891,0.224395
archive7yr,soft,7,140,2.2000-2.3550,2.2775,0.18648,0.0486998,0.260619
archive7yr,soft,7,140,2.3550-2.5100,2.4325,0.18154,0.0488006,0.268208
archive7yr,soft,7,150,0.8000-0.9000,0.85,0.29904,0.0993953,0.891927
archive7yr,soft,7,150,0.9000-1.0000,0.95,0.28579,0.0803219,0.398789
archive7yr,soft,7,150,1.0000-1.1000,1.05,0.27431,0.0778519,0.364105
archive7yr,soft,7,150,1.1000-1.2000,1.15,0.26424,0.0727032,0.336083
archive7yr,soft,7,150,1.2000-1.3000,1.25,0.25534,0.0662503,0.296834
archive7yr,soft,7,150,1.3000-1.4000,1.35,0.24739,0.0658131,0.317834
archive7yr,soft,7,150,1.4000-1.5000,1.45,0.24025,0.0648719,0.294718
archive7yr,soft,7,150,1.5000-1.6000,1.55,0.23377,0.065859,0.314158
archive7yr,soft,7,150,1.6000-1.7000,1.65,0.22787,0.0656136,0.314182
archive7yr,soft,7,150,1.7000-1.8000,1.75,0.22246,0.0661599,0.320492
archive7yr,soft,7,150,1.8000-1.9000,1.85,0.21747,0.0654312,0.333958
archive7yr,soft,7,150,1.9000-2.0400,1.97,0.21197,0.0554529,0.301917
archive7yr,soft,7,150,2.0400-2.2000,2.12,0.20572,0.0524832,0.289134
archive7yr,soft,7,150,2.2000-2.3550,2.2775,0.1998,0.0565018,0.33148
archive7yr,soft,7,150,2.3550-2.5100,2.4325,0.1945,0.0589421,0.373297
archive7yr,soft,7,160,0.8000-0.9000,0.85,0.31897,0.184805,3.09652
archive7yr,soft,7,160,0.9000-1.0000,0.95,0.30484,0.1218,0.74479
archive7yr,soft,7,160,1.0000-1.1000,1.05,0.29259,0.10343,0.540471
archive7yr,soft,7,160,1.1000-1.2000,1.15,0.28186,0.094066,0.4996
archive7yr,soft,7,160,1.2000-1.3000,1.25,0.27236,0.0925203,0.462013
archive7yr,soft,7,160,1.3000-1.4000,1.35,0.26389,0.0900416,0.442217
archive7yr,soft,7,160,1.4000-1.5000,1.45,0.25626,0.0862538,0.441422
archive7yr,soft,7,160,1.5000-1.6000,1.55,0.24936,0.0814756,0.414285
archive7yr,soft,7,160,1.6000-1.7000,1.65,0.24306,0.0805433,0.43505
archive7yr,soft,7,160,1.7000-1.8000,1.75,0.23729,0.0816894,0.446524
archive7yr,soft,7,160,1.8000-1.9000,1.85,0.23197,0.0826067,0.453641
archive7yr,soft,7,160,1.9000-2.0400,1.97,0.2261,0.0694796,0.403836
archive7yr,soft,7,160,2.0400-2.2000,2.12,0.21944,0.0660259,0.409002
archive7yr,soft,7,160,2.2000-2.3550,2.2775,0.21312,0.0675034,0.418316
archive7yr,soft,7,160,2.3550-2.5100,2.4325,0.20747,0.0682129,0.475496
archive7yr,soft,7,175,0.8000-0.9000,0.85,0.34887,0.508731,15.1236
archive7yr,soft,7,175,0.9000-1.0000,0.95,0.33342,0.202943,1.82551
archive7yr,soft,7,175,1.0000-1.1000,1.05,0.32002,0.176429,1.14219
archive7yr,soft,7,175,1.1000-1.2000,1.15,0.30828,0.17265,1.03146
archive7yr,soft,7,175,1.2000-1.3000,1.25,0.2979,0.151395,0.87156
archive7yr,soft,7,175,1.3000-1.4000,1.35,0.28863,0.136814,0.767436
archive7yr,soft,7,175,1.4000-1.5000,1.45,0.28029,0.129176,0.742666
archive7yr,soft,7,175,1.5000-1.6000,1.55,0.27274,0.126994,0.747388
archive7yr,soft,7,175,1.6000-1.7000,1.65,0.26585,0.123821,0.7131
archive7yr,soft,7,175,1.7000-1.8000,1.75,0.25954,0.119893,0.724871
archive7yr,soft,7,175,1.8000-1.9000,1.85,0.25372,0.117168,0.757601
archive7yr,soft,7,175,1.9000-2.0400,1.97,0.2473,0.0927467,0.624
archive7yr,soft,7,175,2.0400-2.2000,2.12,0.24001,0.0886279,0.627603
archive7yr,soft,7,175,2.2000-2.3550,2.2775,0.2331,0.0963443,0.716325
archive7yr,soft,7,175,2.3550-2.5100,2.4325,0.22692,0.0942131,0.710055
archive7yr,soft,7,200,0.8000-0.9000,0.85,0.39871,138.685,inf
archive7yr,soft,7,200,0.9000-1.0000,0.95,0.38105,1.85996,50.1628
archive7yr,soft,7,200,1.0000-1.1000,1.05,0.36574,0.610062,6.63265
archive7yr,soft,7,200,1.1000-1.2000,1.15,0.35233,0.484357,3.63453
archive7yr,soft,7,200,1.2000-1.3000,1.25,0.34045,0.421214,3.19631
archive7yr,soft,7,200,1.3000-1.4000,1.35,0.32986,0.326168,2.40069
archive7yr,soft,7,200,1.4000-1.5000,1.45,0.32033,0.297146,2.10931
archive7yr,soft,7,200,1.5000-1.6000,1.55,0.3117,0.264992,1.78094
archive7yr,soft,7,200,1.6000-1.7000,1.65,0.30383,0.255678,1.80351
archive7yr,soft,7,200,1.7000-1.8000,1.75,0.29661,0.234996,1.77794
archive7yr,soft,7,200,1.8000-1.9000,1.85,0.28996,0.222022,1.70011
archive7yr,soft,7,200,1.9000-2.0400,1.97,0.28263,0.169177,1.39767
archive7yr,soft,7,200,2.0400-2.2000,2.12,0.2743,0.16869,1.50013
archive7yr,soft,7,200,2.2000-2.3550,2.2775,0.2664,0.180738,1.487
archive7yr,soft,7,200,2.3550-2.5100,2.4325,0.25934,0.16768,1.54197
archive7yr,soft,7,280,0.8000-0.9000,0.85,0.5582,inf,inf
archive7yr,soft,7,280,0.9000-1.0000,0.95,0.53348,inf,inf
archive7yr,soft,7,280,1.0000-1.1000,1.05,0.51204,inf,inf
archive7yr,soft,7,280,1.1000-1.2000,1.15,0.49326,inf,inf
archive7yr,soft,7,280,1.2000-1.3000,1.25,0.47664,inf,inf
archive7yr,soft,7,280,1.3000-1.4000,1.35,0.4618,inf,inf
archive7yr,soft,7,280,1.4000-1.5000,1.45,0.44846,24.4756,458.18
archive7yr,soft,7,280,1.5000-1.6000,1.55,0.43638,9.73739,124.092
archive7yr,soft,7,280,1.6000-1.7000,1.65,0.42536,5.7188,69.7722
archive7yr,soft,7,280,1.7000-1.8000,1.75,0.41526,3.90466,41.0496
archive7yr,soft,7,280,1.8000-1.9000,1.85,0.40595,3.20305,37.5078
archive7yr,soft,7,280,1.9000-2.0400,1.97,0.39568,2.15668,28.7061
archive7yr,soft,7,280,2.0400-2.2000,2.12,0.38402,1.84675,25.3826
archive7yr,soft,7,280,2.2000-2.3550,2.2775,0.37296,1.67453,25.806
archive7yr,soft,7,280,2.3550-2.5100,2.4325,0.36307,1.48476,23.7847
archive7yr,soft,7,400,0.8000-0.9000,0.85,0.79743,inf,inf
archive7yr,soft,7,400,0.9000-1.0000,0.95,0.76211,inf,inf
archive7yr,soft,7,400,1.0000-1.1000,1.05,0.73149,inf,inf
archive7yr,soft,7,400,1.1000-1.2000,1.15,0.70465,inf,inf
archive7yr,soft,7,400,1.2000-1.3000,1.25,0.68091,inf,inf
archive7yr,soft,7,400,1.3000-1.4000,1.35,0.65972,inf,inf
archive7yr,soft,7,400,1.4000-1.5000,1.45,0.64066,inf,inf
archive7yr,soft,7,400,1.5000-1.6000,1.55,0.6234,inf,inf
archive7yr,soft,7,400,1.6000-1.7000,1.65,0.60766,inf,inf
archive7yr,soft,7,400,1.7000-1.8000,1.75,0.59323,inf,inf
archive7yr,soft,7,400,1.8000-1.9000,1.85,0.57993,inf,inf
archive7yr,soft,7,400,1.9000-2.0400,1.97,0.56525,inf,inf
archive7yr,soft,7,400,2.0400-2.2000,2.12,0.5486,1105.93,30090.6
archive7yr,soft,7,400,2.2000-2.3550,2.2775,0.5328,346.304,6397.42
archive7yr,soft,7,400,2.3550-2.5100,2.4325,0.51867,129.237,3798.12
chime2025,hard,4.9,0,1.0068-1.1163,1.0616,0,0.0422324,0.0370838
chime2025,hard,4.9,0,1.1163-1.2259,1.1711,0,0.0439281,0.0388664
chime2025,hard,4.9,0,1.2259-1.3354,1.2807,0,0.0459167,0.0409734
chime2025,hard,4.9,30,1.0068-1.1163,1.0616,0.054615,0.0449826,0.0522608
chime2025,hard,4.9,30,1.1163-1.2259,1.1711,0.052455,0.0471621,0.0567512
chime2025,hard,4.9,30,1.2259-1.3354,1.2807,0.050562,0.0497795,0.0623064
chime2025,hard,4.9,50,1.0068-1.1163,1.0616,0.091025,0.0511608,0.0829529
chime2025,hard,4.9,50,1.1163-1.2259,1.1711,0.087425,0.0533574,0.0872891
chime2025,hard,4.9,50,1.2259-1.3354,1.2807,0.08427,0.0554671,0.0911994
chime2025,hard,4.9,75,1.0068-1.1163,1.0616,0.13654,0.0650088,0.149911
chime2025,hard,4.9,75,1.1163-1.2259,1.1711,0.13114,0.0676701,0.153894
chime2025,hard,4.9,75,1.2259-1.3354,1.2807,0.12641,0.0719705,0.170141
chime2025,hard,4.9,100,1.0068-1.1163,1.0616,0.18205,0.102984,0.332413
chime2025,hard,4.9,100,1.1163-1.2259,1.1711,0.17485,0.0989757,0.31645
chime2025,hard,4.9,100,1.2259-1.3354,1.2807,0.16854,0.0998391,0.323476
chime2025,hard,4.9,110,1.0068-1.1163,1.0616,0.20025,0.120971,0.446358
chime2025,hard,4.9,110,1.1163-1.2259,1.1711,0.19234,0.124218,0.441137
chime2025,hard,4.9,110,1.2259-1.3354,1.2807,0.18539,0.126016,0.472079
chime2025,hard,4.9,125,1.0068-1.1163,1.0616,0.22756,0.185228,0.843811
chime2025,hard,4.9,125,1.1163-1.2259,1.1711,0.21856,0.18324,0.800295
chime2025,hard,4.9,125,1.2259-1.3354,1.2807,0.21068,0.161979,0.711086
chime2025,hard,4.9,140,1.0068-1.1163,1.0616,0.25487,0.305567,1.74
chime2025,hard,4.9,140,1.1163-1.2259,1.1711,0.24479,0.279643,1.42068
chime2025,hard,4.9,140,1.2259-1.3354,1.2807,0.23596,0.242658,1.38729
chime2025,hard,4.9,150,1.0068-1.1163,1.0616,0.27307,0.36337,2.42065
chime2025,hard,4.9,150,1.1163-1.2259,1.1711,0.26228,0.374779,2.46983
chime2025,hard,4.9,150,1.2259-1.3354,1.2807,0.25281,0.35304,1.99058
chime2025,hard,4.9,160,1.0068-1.1163,1.0616,0.29128,0.686971,5.7816
chime2025,hard,4.9,160,1.1163-1.2259,1.1711,0.27976,0.588109,3.7942
chime2025,hard,4.9,160,1.2259-1.3354,1.2807,0.26966,0.424017,2.92387
chime2025,hard,4.9,175,1.0068-1.1163,1.0616,0.31859,2.07944,54.8542
chime2025,hard,4.9,175,1.1163-1.2259,1.1711,0.30599,0.98665,12.6654
chime2025,hard,4.9,175,1.2259-1.3354,1.2807,0.29495,0.973884,7.80358
chime2025,hard,4.9,200,1.0068-1.1163,1.0616,0.3641,inf,inf
chime2025,hard,4.9,200,1.1163-1.2259,1.1711,0.3497,inf,inf
chime2025,hard,4.9,200,1.2259-1.3354,1.2807,0.33708,inf,inf
chime2025,hard,4.9,280,1.0068-1.1163,1.0616,0.50974,inf,inf
chime2025,hard,4.9,280,1.1163-1.2259,1.1711,0.48958,inf,inf
chime2025,hard,4.9,280,1.2259-1.3354,1.2807,0.47191,inf,inf
chime2025,hard,4.9,400,1.0068-1.1163,1.0616,0.7282,inf,inf
chime2025,hard,4.9,400,1.1163-1.2259,1.1711,0.6994,inf,inf
chime2025,hard,4.9,400,1.2259-1.3354,1.2807,0.67416,inf,inf
archive7yr,hard,4.9,0,0.8000-0.9000,0.85,0,0.00904689,0.00667372
archive7yr,hard,4.9,0,0.9000-1.0000,0.95,0,0.00913271,0.00700165
archive7yr,hard,4.9,0,1.0000-1.1000,1.05,0,0.00932433,0.0072321
archive7yr,hard,4.9,0,1.1000-1.2000,1.15,0,0.00953994,0.00750018
archive7yr,hard,4.9,0,1.2000-1.3000,1.25,0,0.00987761,0.00807519
archive7yr,hard,4.9,0,1.3000-1.4000,1.35,0,0.0102714,0.00874606
archive7yr,hard,4.9,0,1.4000-1.5000,1.45,0,0.0106304,0.00923383
archive7yr,hard,4.9,0,1.5000-1.6000,1.55,0,0.0110694,0.00995442
archive7yr,hard,4.9,0,1.6000-1.7000,1.65,0,0.0115403,0.0107167
archive7yr,hard,4.9,0,1.7000-1.8000,1.75,0,0.0120347,0.0114313
archive7yr,hard,4.9,0,1.8000-1.9000,1.85,0,0.012682,0.0129414
archive7yr,hard,4.9,0,1.9000-2.0400,1.97,0,0.0112769,0.0119893
archive7yr,hard,4.9,0,2.0400-2.2000,2.12,0,0.0112084,0.0119673
archive7yr,hard,4.9,0,2.2000-2.3550,2.2775,0,0.0123482,0.0145116
archive7yr,hard,4.9,0,2.3550-2.5100,2.4325,0,0.0131316,0.015972
archive7yr,hard,4.9,30,0.8000-0.9000,0.85,0.059807,0.00984177,0.0108864
archive7yr,hard,4.9,30,0.9000-1.0000,0.95,0.057158,0.00992341,0.0109193
archive7yr,hard,4.9,30,1.0000-1.1000,1.05,0.054861,0.0100862,0.0110498
archive7yr,hard,4.9,30,1.1000-1.2000,1.15,0.052849,0.0104216,0.011847
archive7yr,hard,4.9,30,1.2000-1.3000,1.25,0.051068,0.0107785,0.0126196
archive7yr,hard,4.9,30,1.3000-1.4000,1.35,0.049479,0.0110592,0.0127929
archive7yr,hard,4.9,30,1.4000-1.5000,1.45,0.04805,0.0115642,0.0140397
archive7yr,hard,4.9,30,1.5000-1.6000,1.55,0.046755,0.0119889,0.014886
archive7yr,hard,4.9,30,1.6000-1.7000,1.65,0.045574,0.0126001,0.0165343
archive7yr,hard,4.9,30,1.7000-1.8000,1.75,0.044492,0.0130991,0.017508
archive7yr,hard,4.9,30,1.8000-1.9000,1.85,0.043494,0.013574,0.0181677
archive7yr,hard,4.9,30,1.9000-2.0400,1.97,0.042394,0.0122543,0.0177727
archive7yr,hard,4.9,30,2.0400-2.2000,2.12,0.041145,0.0122,0.0183712
archive7yr,hard,4.9,30,2.2000-2.3550,2.2775,0.03996,0.0132877,0.0207586
archive7yr,hard,4.9,30,2.3550-2.5100,2.4325,0.0389,0.0141849,0.0232841
archive7yr,hard,4.9,50,0.8000-0.9000,0.85,0.099678,0.0109721,0.016433
archive7yr,hard,4.9,50,0.9000-1.0000,0.95,0.095264,0.0111443,0.0168162
archive7yr,hard,4.9,50,1.0000-1.1000,1.05,0.091436,0.0113371,0.0169568
archive7yr,hard,4.9,50,1.1000-1.2000,1.15,0.088081,0.0116127,0.0176249
archive7yr,hard,4.9,50,1.2000-1.3000,1.25,0.085114,0.0118582,0.0178929
archive7yr,hard,4.9,50,1.3000-1.4000,1.35,0.082465,0.0123129,0.0195027
archive7yr,hard,4.9,50,1.4000-1.5000,1.45,0.080083,0.0127127,0.0205252
archive7yr,hard,4.9,50,1.5000-1.6000,1.55,0.077925,0.0132165,0.0219897
archive7yr,hard,4.9,50,1.6000-1.7000,1.65,0.075957,0.0137115,0.0229922
archive7yr,hard,4.9,50,1.7000-1.8000,1.75,0.074153,0.0144531,0.0256971
archive7yr,hard,4.9,50,1.8000-1.9000,1.85,0.072491,0.0150384,0.0275561
archive7yr,hard,4.9,50,1.9000-2.0400,1.97,0.070657,0.0132396,0.0243314
archive7yr,hard,4.9,50,2.0400-2.2000,2.12,0.068574,0.0133754,0.026336
archive7yr,hard,4.9,50,2.2000-2.3550,2.2775,0.0666,0.0146128,0.030403
archive7yr,hard,4.9,50,2.3550-2.5100,2.4325,0.064834,0.0156443,0.0340933
archive7yr,hard,4.9,75,0.8000-0.9000,0.85,0.14952,0.0145234,0.0321639
archive7yr,hard,4.9,75,0.9000-1.0000,0.95,0.1429,0.0142506,0.0311562
archive7yr,hard,4.9,75,1.0000-1.1000,1.05,0.13715,0.0141141,0.0302127
archive7yr,hard,4.9,75,1.1000-1.2000,1.15,0.13212,0.0143793,0.0308016
archive7yr,hard,4.9,75,1.2000-1.3000,1.25,0.12767,0.0150157,0.0330037
archive7yr,hard,4.9,75,1.3000-1.4000,1.35,0.1237,0.0153208,0.0335711
archive7yr,hard,4.9,75,1.4000-1.5000,1.45,0.12012,0.0159252,0.0366666
archive7yr,hard,4.9,75,1.5000-1.6000,1.55,0.11689,0.0159837,0.0363274
archive7yr,hard,4.9,75,1.6000-1.7000,1.65,0.11394,0.0166635,0.0405417
archive7yr,hard,4.9,75,1.7000-1.8000,1.75,0.11123,0.0171469,0.0424312
archive7yr,hard,4.9,75,1.8000-1.9000,1.85,0.10874,0.0177605,0.0445405
archive7yr,hard,4.9,75,1.9000-2.0400,1.97,0.10598,0.0159266,0.042975
archive7yr,hard,4.9,75,2.0400-2.2000,2.12,0.10286,0.0158537,0.0444106
archive7yr,hard,4.9,75,2.2000-2.3550,2.2775,0.0999,0.0172831,0.049843
archive7yr,hard,4.9,75,2.3550-2.5100,2.4325,0.097251,0.0183416,0.0547042
archive7yr,hard,4.9,100,0.8000-0.9000,0.85,0.19936,0.0219922,0.0790849
archive7yr,hard,4.9,100,0.9000-1.0000,0.95,0.19053,0.021941,0.0694455
archive7yr,hard,4.9,100,1.0000-1.1000,1.05,0.18287,0.021494,0.0650104
archive7yr,hard,4.9,100,1.1000-1.2000,1.15,0.17616,0.0207218,0.0617646
archive7yr,hard,4.9,100,1.2000-1.3000,1.25,0.17023,0.0203506,0.0620473
archive7yr,hard,4.9,100,1.3000-1.4000,1.35,0.16493,0.0210312,0.0660351
archive7yr,hard,4.9,100,1.4000-1.5000,1.45,0.16017,0.0215981,0.0658398
archive7yr,hard,4.9,100,1.5000-1.6000,1.55,0.15585,0.022338,0.0699645
archive7yr,hard,4.9,100,1.6000-1.7000,1.65,0.15191,0.0227302,0.0763036
archive7yr,hard,4.9,100,1.7000-1.8000,1.75,0.14831,0.022832,0.0750083
archive7yr,hard,4.9,100,1.8000-1.9000,1.85,0.14498,0.0237818,0.0820079
archive7yr,hard,4.9,100,1.9000-2.0400,1.97,0.14131,0.0205289,0.0761427
archive7yr,hard,4.9,100,2.0400-2.2000,2.12,0.13715,0.0204814,0.0795371
archive7yr,hard,4.9,100,2.2000-2.3550,2.2775,0.1332,0.0219896,0.086237
archive7yr,hard,4.9,100,2.3550-2.5100,2.4325,0.12967,0.0239343,0.103741
archive7yr,hard,4.9,110,0.8000-0.9000,0.85,0.21929,0.0308116,0.152565
archive7yr,hard,4.9,110,0.9000-1.0000,0.95,0.20958,0.0262873,0.0936266
archive7yr,hard,4.9,110,1.0000-1.1000,1.05,0.20116,0.0251362,0.0913278
archive7yr,hard,4.9,110,1.1000-1.2000,1.15,0.19378,0.0248428,0.0829391
archive7yr,hard,4.9,110,1.2000-1.3000,1.25,0.18725,0.0257435,0.0894889
archive7yr,hard,4.9,110,1.3000-1.4000,1.35,0.18142,0.0247682,0.0837964
archive7yr,hard,4.9,110,1.4000-1.5000,1.45,0.17618,0.0252473,0.0918675
archive7yr,hard,4.9,110,1.5000-1.6000,1.55,0.17143,0.0244683,0.0859011
archive7yr,hard,4.9,110,1.6000-1.7000,1.65,0.16711,0.0256375,0.095609
archive7yr,hard,4.9,110,1.7000-1.8000,1.75,0.16314,0.0267273,0.102937
archive7yr,hard,4.9,110,1.8000-1.9000,1.85,0.15948,0.0278052,0.106613
archive7yr,hard,4.9,110,1.9000-2.0400,1.97,0.15544,0.024472,0.09611
archive7yr,hard,4.9,110,2.0400-2.2000,2.12,0.15086,0.0238973,0.104125
archive7yr,hard,4.9,110,2.2000-2.3550,2.2775,0.14652,0.0255673,0.116286
archive7yr,hard,4.9,110,2.3550-2.5100,2.4325,0.14264,0.025728,0.12056
archive7yr,hard,4.9,125,0.8000-0.9000,0.85,0.2492,0.0554392,0.448504
archive7yr,hard,4.9,125,0.9000-1.0000,0.95,0.23816,0.037013,0.184072
archive7yr,hard,4.9,125,1.0000-1.1000,1.05,0.22859,0.0366922,0.159446
archive7yr,hard,4.9,125,1.1000-1.2000,1.15,0.2202,0.0363054,0.151681
archive7yr,hard,4.9,125,1.2000-1.3000,1.25,0.21278,0.0334591,0.131311
archive7yr,hard,4.9,125,1.3000-1.4000,1.35,0.20616,0.0321336,0.139869
archive7yr,hard,4.9,125,1.4000-1.5000,1.45,0.20021,0.0318365,0.130585
archive7yr,hard,4.9,125,1.5000-1.6000,1.55,0.19481,0.0330941,0.144191
archive7yr,hard,4.9,125,1.6000-1.7000,1.65,0.18989,0.0341736,0.151272
archive7yr,hard,4.9,125,1.7000-1.8000,1.75,0.18538,0.0341434,0.149517
archive7yr,hard,4.9,125,1.8000-1.9000,1.85,0.18123,0.0345112,0.158
archive7yr,hard,4.9,125,1.9000-2.0400,1.97,0.17664,0.0301591,0.151249
archive7yr,hard,4.9,125,2.0400-2.2000,2.12,0.17144,0.028188,0.139465
archive7yr,hard,4.9,125,2.2000-2.3550,2.2775,0.1665,0.0309249,0.168091
archive7yr,hard,4.9,125,2.3550-2.5100,2.4325,0.16209,0.0335741,0.200415
archive7yr,hard,4.9,140,0.8000-0.9000,0.85,0.2791,0.140242,2.62376
archive7yr,hard,4.9,140,0.9000-1.0000,0.95,0.26674,0.060123,0.452828
archive7yr,hard,4.9,140,1.0000-1.1000,1.05,0.25602,0.0588546,0.321067
archive7yr,hard,4.9,140,1.1000-1.2000,1.15,0.24663,0.0534934,0.263179
archive7yr,hard,4.9,140,1.2000-1.3000,1.25,0.23832,0.0455785,0.240725
archive7yr,hard,4.9,140,1.3000-1.4000,1.35,0.2309,0.0449914,0.213331
archive7yr,hard,4.9,140,1.4000-1.5000,1.45,0.22423,0.0468838,0.236433
archive7yr,hard,4.9,140,1.5000-1.6000,1.55,0.21819,0.0453514,0.21465
archive7yr,hard,4.9,140,1.6000-1.7000,1.65,0.21268,0.0440526,0.219766
archive7yr,hard,4.9,140,1.7000-1.8000,1.75,0.20763,0.0439069,0.239511
archive7yr,hard,4.9,140,1.8000-1.9000,1.85,0.20297,0.0447005,0.253772
archive7yr,hard,4.9,140,1.9000-2.0400,1.97,0.19784,0.0373545,0.208207
archive7yr,hard,4.9,140,2.0400-2.2000,2.12,0.19201,0.0388162,0.238162
archive7yr,hard,4.9,140,2.2000-2.3550,2.2775,0.18648,0.0409843,0.254796
archive7yr,hard,4.9,140,2.3550-2.5100,2.4325,0.18154,0.0412056,0.261091
archive7yr,hard,4.9,150,0.8000-0.9000,0.85,0.29904,inf,inf
archive7yr,hard,4.9,150,0.9000-1.0000,0.95,0.28579,0.133676,1.52255
archive7yr,hard,4.9,150,1.0000-1.1000,1.05,0.27431,0.0727393,0.45992
archive7yr,hard,4.9,150,1.1000-1.2000,1.15,0.26424,0.0684521,0.426742
archive7yr,hard,4.9,150,1.2000-1.3000,1.25,0.25534,0.0662927,0.360519
archive7yr,hard,4.9,150,1.3000-1.4000,1.35,0.24739,0.0628074,0.358003
archive7yr,hard,4.9,150,1.4000-1.5000,1.45,0.24025,0.054369,0.288872
archive7yr,hard,4.9,150,1.5000-1.6000,1.55,0.23377,0.0541162,0.314297
archive7yr,hard,4.9,150,1.6000-1.7000,1.65,0.22787,0.0550435,0.307791
archive7yr,hard,4.9,150,1.7000-1.8000,1.75,0.22246,0.0559415,0.311719
archive7yr,hard,4.9,150,1.8000-1.9000,1.85,0.21747,0.0574845,0.343052
archive7yr,hard,4.9,150,1.9000-2.0400,1.97,0.21197,0.0468128,0.306851
archive7yr,hard,4.9,150,2.0400-2.2000,2.12,0.20572,0.0431727,0.279957
archive7yr,hard,4.9,150,2.2000-2.3550,2.2775,0.1998,0.0470581,0.350127
archive7yr,hard,4.9,150,2.3550-2.5100,2.4325,0.1945,0.0495658,0.368583
archive7yr,hard,4.9,160,0.8000-0.9000,0.85,0.31897,inf,inf
archive7yr,hard,4.9,160,0.9000-1.0000,0.95,0.30484,0.345052,5.91496
archive7yr,hard,4.9,160,1.0000-1.1000,1.05,0.29259,0.128041,1.112
archive7yr,hard,4.9,160,1.1000-1.2000,1.15,0.28186,0.107597,0.68559
archive7yr,hard,4.9,160,1.2000-1.3000,1.25,0.27236,0.0839656,0.611311
archive7yr,hard,4.9,160,1.3000-1.4000,1.35,0.26389,0.0760574,0.476069
archive7yr,hard,4.9,160,1.4000-1.5000,1.45,0.25626,0.0766823,0.446263
archive7yr,hard,4.9,160,1.5000-1.6000,1.55,0.24936,0.0737021,0.421871
archive7yr,hard,4.9,160,1.6000-1.7000,1.65,0.24306,0.0744041,0.456657
archive7yr,hard,4.9,160,1.7000-1.8000,1.75,0.23729,0.0664872,0.462889
archive7yr,hard,4.9,160,1.8000-1.9000,1.85,0.23197,0.0651505,0.429625
archive7yr,hard,4.9,160,1.9000-2.0400,1.97,0.2261,0.0572321,0.410435
archive7yr,hard,4.9,160,2.0400-2.2000,2.12,0.21944,0.0582445,0.436528
archive7yr,hard,4.9,160,2.2000-2.3550,2.2775,0.21312,0.0582896,0.418686
archive7yr,hard,4.9,160,2.3550-2.5100,2.4325,0.20747,0.057309,0.502487
archive7yr,hard,4.9,175,0.8000-0.9000,0.85,0.34887,inf,inf
archive7yr,hard,4.9,175,0.9000-1.0000,0.95,0.33342,inf,inf
archive7yr,hard,4.9,175,1.0000-1.1000,1.05,0.32002,0.384039,10.36
archive7yr,hard,4.9,175,1.1000-1.2000,1.15,0.30828,0.159481,1.91919
archive7yr,hard,4.9,175,1.2000-1.3000,1.25,0.2979,0.153667,1.56932
archive7yr,hard,4.9,175,1.3000-1.4000,1.35,0.28863,0.162385,1.34558
archive7yr,hard,4.9,175,1.4000-1.5000,1.45,0.28029,0.12473,0.841372
archive7yr,hard,4.9,175,1.5000-1.6000,1.55,0.27274,0.0977667,0.715467
archive7yr,hard,4.9,175,1.6000-1.7000,1.65,0.26585,0.0977376,0.698234
archive7yr,hard,4.9,175,1.7000-1.8000,1.75,0.25954,0.098063,0.72713
archive7yr,hard,4.9,175,1.8000-1.9000,1.85,0.25372,0.103387,0.797547
archive7yr,hard,4.9,175,1.9000-2.0400,1.97,0.2473,0.0831038,0.632685
archive7yr,hard,4.9,175,2.0400-2.2000,2.12,0.24001,0.0742364,0.617405
archive7yr,hard,4.9,175,2.2000-2.3550,2.2775,0.2331,0.0791039,0.758969
archive7yr,hard,4.9,175,2.3550-2.5100,2.4325,0.22692,0.0805389,0.75083
archive7yr,hard,4.9,200,0.8000-0.9000,0.85,0.39871,inf,inf
archive7yr,hard,4.9,200,0.9000-1.0000,0.95,0.38105,inf,inf
archive7yr,hard,4.9,200,1.0000-1.1000,1.05,0.36574,inf,inf
archive7yr,hard,4.9,200,1.1000-1.2000,1.15,0.35233,inf,inf
archive7yr,hard,4.9,200,1.2000-1.3000,1.25,0.34045,0.645945,34.1296
archive7yr,hard,4.9,200,1.3000-1.4000,1.35,0.32986,0.499683,6.26992
archive7yr,hard,4.9,200,1.4000-1.5000,1.45,0.32033,0.341119,3.32528
archive7yr,hard,4.9,200,1.5000-1.6000,1.55,0.3117,0.201687,2.00433
archive7yr,hard,4.9,200,1.6000-1.7000,1.65,0.30383,0.181291,1.77961
archive7yr,hard,4.9,200,1.7000-1.8000,1.75,0.29661,0.19234,1.69743
archive7yr,hard,4.9,200,1.8000-1.9000,1.85,0.28996,0.19971,1.9148
archive7yr,hard,4.9,200,1.9000-2.0400,1.97,0.28263,0.161577,1.4586
archive7yr,hard,4.9,200,2.0400-2.2000,2.12,0.2743,0.137616,1.4102
archive7yr,hard,4.9,200,2.2000-2.3550,2.2775,0.2664,0.136332,1.56116
archive7yr,hard,4.9,200,2.3550-2.5100,2.4325,0.25934,0.142773,1.62064
archive7yr,hard,4.9,280,0.8000-0.9000,0.85,0.5582,inf,inf
archive7yr,hard,4.9,280,0.9000-1.0000,0.95,0.53348,inf,inf
archive7yr,hard,4.9,280,1.0000-1.1000,1.05,0.51204,inf,inf
archive7yr,hard,4.9,280,1.1000-1.2000,1.15,0.49326,inf,inf
archive7yr,hard,4.9,280,1.2000-1.3000,1.25,0.47664,inf,inf
archive7yr,hard,4.9,280,1.3000-1.4000,1.35,0.4618,inf,inf
archive7yr,hard,4.9,280,1.4000-1.5000,1.45,0.44846,inf,inf
archive7yr,hard,4.9,280,1.5000-1.6000,1.55,0.43638,inf,inf
archive7yr,hard,4.9,280,1.6000-1.7000,1.65,0.42536,inf,inf
archive7yr,hard,4.9,280,1.7000-1.8000,1.75,0.41526,inf,inf
archive7yr,hard,4.9,280,1.8000-1.9000,1.85,0.40595,inf,inf
archive7yr,hard,4.9,280,1.9000-2.0400,1.97,0.39568,5.23174,69.5856
archive7yr,hard,4.9,280,2.0400-2.2000,2.12,0.38402,1.96298,26.1224
archive7yr,hard,4.9,280,2.2000-2.3550,2.2775,0.37296,1.04865,23.0104
archive7yr,hard,4.9,280,2.3550-2.5100,2.4325,0.36307,1.07212,20.8569
archive7yr,hard,4.9,400,0.8000-0.9000,0.85,0.79743,inf,inf
archive7yr,hard,4.9,400,0.9000-1.0000,0.95,0.76211,inf,inf
archive7yr,hard,4.9,400,1.0000-1.1000,1.05,0.73149,inf,inf
archive7yr,hard,4.9,400,1.1000-1.2000,1.15,0.70465,inf,inf
archive7yr,hard,4.9,400,1.2000-1.3000,1.25,0.68091,inf,inf
archive7yr,hard,4.9,400,1.3000-1.4000,1.35,0.65972,inf,inf
archive7yr,hard,4.9,400,1.4000-1.5000,1.45,0.64066,inf,inf
archive7yr,hard,4.9,400,1.5000-1.6000,1.55,0.6234,inf,inf
archive7yr,hard,4.9,400,1.6000-1.7000,1.65,0.60766,inf,inf
archive7yr,hard,4.9,400,1.7000-1.8000,1.75,0.59323,inf,inf
archive7yr,hard,4.9,400,1.8000-1.9000,1.85,0.57993,inf,inf
archive7yr,hard,4.9,400,1.9000-2.0400,1.97,0.56525,inf,inf
archive7yr,hard,4.9,400,2.0400-2.2000,2.12,0.5486,inf,inf
archive7yr,hard,4.9,400,2.2000-2.3550,2.2775,0.5328,inf,inf
archive7yr,hard,4.9,400,2.3550-2.5100,2.4325,0.51867,inf,inf
archive7yr_accepted,hard,4.9,0,0.8000-0.9000,0.85,0,0.0187638,0.0138417
archive7yr_accepted,hard,4.9,0,0.9000-1.0000,0.95,0,0.0189417,0.0145218
archive7yr_accepted,hard,4.9,0,1.0000-1.1000,1.05,0,0.0193392,0.0149998
archive7yr_accepted,hard,4.9,0,1.1000-1.2000,1.15,0,0.0197864,0.0155558
archive7yr_accepted,hard,4.9,0,1.2000-1.3000,1.25,0,0.0204867,0.0167484
archive7yr_accepted,hard,4.9,0,1.3000-1.4000,1.35,0,0.0213034,0.0181398
archive7yr_accepted,hard,4.9,0,1.4000-1.5000,1.45,0,0.0220481,0.0191515
archive7yr_accepted,hard,4.9,0,1.5000-1.6000,1.55,0,0.0229586,0.020646
archive7yr_accepted,hard,4.9,0,1.6000-1.7000,1.65,0,0.0239352,0.022227
archive7yr_accepted,hard,4.9,0,1.7000-1.8000,1.75,0,0.0249606,0.0237092
archive7yr_accepted,hard,4.9,0,1.8000-1.9000,1.85,0,0.0263032,0.0268412
archive7yr_accepted,hard,4.9,0,1.9000-2.0400,1.97,0,0.023389,0.0248666
archive7yr_accepted,hard,4.9,0,2.0400-2.2000,2.12,0,0.0232468,0.0248208
archive7yr_accepted,hard,4.9,0,2.2000-2.3550,2.2775,0,0.0256109,0.030098
archive7yr_accepted,hard,4.9,0,2.3550-2.5100,2.4325,0,0.0272356,0.0331268
archive7yr_accepted,hard,4.9,30,0.8000-0.9000,0.85,0.059807,0.0204124,0.022579
archive7yr_accepted,hard,4.9,30,0.9000-1.0000,0.95,0.057158,0.0205817,0.0226473
archive7yr_accepted,hard,4.9,30,1.0000-1.1000,1.05,0.054861,0.0209194,0.022918
archive7yr_accepted,hard,4.9,30,1.1000-1.2000,1.15,0.052849,0.0216149,0.0245713
archive7yr_accepted,hard,4.9,30,1.2000-1.3000,1.25,0.051068,0.0223552,0.0261738
archive7yr_accepted,hard,4.9,30,1.3000-1.4000,1.35,0.049479,0.0229373,0.0265331
archive7yr_accepted,hard,4.9,30,1.4000-1.5000,1.45,0.04805,0.0239847,0.0291192
archive7yr_accepted,hard,4.9,30,1.5000-1.6000,1.55,0.046755,0.0248657,0.0308743
archive7yr_accepted,hard,4.9,30,1.6000-1.7000,1.65,0.045574,0.0261334,0.0342931
archive7yr_accepted,hard,4.9,30,1.7000-1.8000,1.75,0.044492,0.0271683,0.0363126
archive7yr_accepted,hard,4.9,30,1.8000-1.9000,1.85,0.043494,0.0281533,0.0376809
archive7yr_accepted,hard,4.9,30,1.9000-2.0400,1.97,0.042394,0.025416,0.0368616
archive7yr_accepted,hard,4.9,30,2.0400-2.2000,2.12,0.041145,0.0253034,0.0381029
archive7yr_accepted,hard,4.9,30,2.2000-2.3550,2.2775,0.03996,0.0275594,0.0430545
archive7yr_accepted,hard,4.9,30,2.3550-2.5100,2.4325,0.0389,0.0294203,0.0482925
archive7yr_accepted,hard,4.9,50,0.8000-0.9000,0.85,0.099678,0.0227567,0.034083
archive7yr_accepted,hard,4.9,50,0.9000-1.0000,0.95,0.095264,0.0231139,0.0348777
archive7yr_accepted,hard,4.9,50,1.0000-1.1000,1.05,0.091436,0.0235139,0.0351693
archive7yr_accepted,hard,4.9,50,1.1000-1.2000,1.15,0.088081,0.0240855,0.0365551
archive7yr_accepted,hard,4.9,50,1.2000-1.3000,1.25,0.085114,0.0245945,0.0371108
archive7yr_accepted,hard,4.9,50,1.3000-1.4000,1.35,0.082465,0.0255377,0.0404497
archive7yr_accepted,hard,4.9,50,1.4000-1.5000,1.45,0.080083,0.0263668,0.0425704
archive7yr_accepted,hard,4.9,50,1.5000-1.6000,1.55,0.077925,0.0274118,0.0456079
archive7yr_accepted,hard,4.9,50,1.6000-1.7000,1.65,0.075957,0.0284383,0.0476871
archive7yr_accepted,hard,4.9,50,1.7000-1.8000,1.75,0.074153,0.0299766,0.0532973
archive7yr_accepted,hard,4.9,50,1.8000-1.9000,1.85,0.072491,0.0311904,0.0571529
archive7yr_accepted,hard,4.9,50,1.9000-2.0400,1.97,0.070657,0.0274597,0.0504646
archive7yr_accepted,hard,4.9,50,2.0400-2.2000,2.12,0.068574,0.0277413,0.0546223
archive7yr_accepted,hard,4.9,50,2.2000-2.3550,2.2775,0.0666,0.0303077,0.0630575
archive7yr_accepted,hard,4.9,50,2.3550-2.5100,2.4325,0.064834,0.0324471,0.0707113
archive7yr_accepted,hard,4.9,75,0.8000-0.9000,0.85,0.14952,0.0301224,0.0667097
archive7yr_accepted,hard,4.9,75,0.9000-1.0000,0.95,0.1429,0.0295566,0.0646198
archive7yr_accepted,hard,4.9,75,1.0000-1.1000,1.05,0.13715,0.0292734,0.0626629
archive7yr_accepted,hard,4.9,75,1.1000-1.2000,1.15,0.13212,0.0298235,0.0638843
archive7yr_accepted,hard,4.9,75,1.2000-1.3000,1.25,0.12767,0.0311434,0.0684516
archive7yr_accepted,hard,4.9,75,1.3000-1.4000,1.35,0.1237,0.0317761,0.0696283
archive7yr_accepted,hard,4.9,75,1.4000-1.5000,1.45,0.12012,0.0330298,0.0760487
archive7yr_accepted,hard,4.9,75,1.5000-1.6000,1.55,0.11689,0.033151,0.0753451
archive7yr_accepted,hard,4.9,75,1.6000-1.7000,1.65,0.11394,0.0345611,0.0840858
archive7yr_accepted,hard,4.9,75,1.7000-1.8000,1.75,0.11123,0.0355637,0.0880048
archive7yr_accepted,hard,4.9,75,1.8000-1.9000,1.85,0.10874,0.0368363,0.0923796
archive7yr_accepted,hard,4.9,75,1.9000-2.0400,1.97,0.10598,0.0330326,0.0891325
archive7yr_accepted,hard,4.9,75,2.0400-2.2000,2.12,0.10286,0.0328815,0.0921101
archive7yr_accepted,hard,4.9,75,2.2000-2.3550,2.2775,0.0999,0.0358462,0.103377
archive7yr_accepted,hard,4.9,75,2.3550-2.5100,2.4325,0.097251,0.0380415,0.11346
archive7yr_accepted,hard,4.9,100,0.8000-0.9000,0.85,0.19936,0.045613,0.164026
archive7yr_accepted,hard,4.9,100,0.9000-1.0000,0.95,0.19053,0.0455068,0.144034
archive7yr_accepted,hard,4.9,100,1.0000-1.1000,1.05,0.18287,0.0445799,0.134835
archive7yr_accepted,hard,4.9,100,1.1000-1.2000,1.15,0.17616,0.0429783,0.128103
archive7yr_accepted,hard,4.9,100,1.2000-1.3000,1.25,0.17023,0.0422083,0.12869
archive7yr_accepted,hard,4.9,100,1.3000-1.4000,1.35,0.16493,0.0436199,0.136961
archive7yr_accepted,hard,4.9,100,1.4000-1.5000,1.45,0.16017,0.0447956,0.136555
archive7yr_accepted,hard,4.9,100,1.5000-1.6000,1.55,0.15585,0.0463303,0.14511
archive7yr_accepted,hard,4.9,100,1.6000-1.7000,1.65,0.15191,0.0471437,0.158258
archive7yr_accepted,hard,4.9,100,1.7000-1.8000,1.75,0.14831,0.0473548,0.155571
archive7yr_accepted,hard,4.9,100,1.8000-1.9000,1.85,0.14498,0.0493248,0.170089
archive7yr_accepted,hard,4.9,100,1.9000-2.0400,1.97,0.14131,0.0425781,0.157924
archive7yr_accepted,hard,4.9,100,2.0400-2.2000,2.12,0.13715,0.0424796,0.164964
archive7yr_accepted,hard,4.9,100,2.2000-2.3550,2.2775,0.1332,0.0456078,0.17886
archive7yr_accepted,hard,4.9,100,2.3550-2.5100,2.4325,0.12967,0.0496411,0.215164
archive7yr_accepted,hard,4.9,110,0.8000-0.9000,0.85,0.21929,0.0639051,0.316429
archive7yr_accepted,hard,4.9,110,0.9000-1.0000,0.95,0.20958,0.0545213,0.194187
archive7yr_accepted,hard,4.9,110,1.0000-1.1000,1.05,0.20116,0.0521339,0.189419
archive7yr_accepted,hard,4.9,110,1.1000-1.2000,1.15,0.19378,0.0515253,0.17202
archive7yr_accepted,hard,4.9,110,1.2000-1.3000,1.25,0.18725,0.0533935,0.185605
archive7yr_accepted,hard,4.9,110,1.3000-1.4000,1.35,0.18142,0.0513707,0.173798
archive7yr_accepted,hard,4.9,110,1.4000-1.5000,1.45,0.17618,0.0523644,0.190538
archive7yr_accepted,hard,4.9,110,1.5000-1.6000,1.55,0.17143,0.0507487,0.178164
archive7yr_accepted,hard,4.9,110,1.6000-1.7000,1.65,0.16711,0.0531736,0.198299
archive7yr_accepted,hard,4.9,110,1.7000-1.8000,1.75,0.16314,0.055434,0.213496
archive7yr_accepted,hard,4.9,110,1.8000-1.9000,1.85,0.15948,0.0576696,0.221121
archive7yr_accepted,hard,4.9,110,1.9000-2.0400,1.97,0.15544,0.0507564,0.199338
archive7yr_accepted,hard,4.9,110,2.0400-2.2000,2.12,0.15086,0.0495644,0.215962
archive7yr_accepted,hard,4.9,110,2.2000-2.3550,2.2775,0.14652,0.053028,0.241183
archive7yr_accepted,hard,4.9,110,2.3550-2.5100,2.4325,0.14264,0.0533613,0.250047
archive7yr_accepted,hard,4.9,125,0.8000-0.9000,0.85,0.2492,0.114984,0.930223
archive7yr_accepted,hard,4.9,125,0.9000-1.0000,0.95,0.23816,0.076767,0.381775
archive7yr_accepted,hard,4.9,125,1.0000-1.1000,1.05,0.22859,0.0761017,0.3307
archive7yr_accepted,hard,4.9,125,1.1000-1.2000,1.15,0.2202,0.0752993,0.314594
archive7yr_accepted,hard,4.9,125,1.2000-1.3000,1.25,0.21278,0.0693961,0.272347
archive7yr_accepted,hard,4.9,125,1.3000-1.4000,1.35,0.20616,0.0666469,0.290097
archive7yr_accepted,hard,4.9,125,1.4000-1.5000,1.45,0.20021,0.0660307,0.27084
archive7yr_accepted,hard,4.9,125,1.5000-1.6000,1.55,0.19481,0.0686391,0.299061
archive7yr_accepted,hard,4.9,125,1.6000-1.7000,1.65,0.18989,0.070878,0.313747
archive7yr_accepted,hard,4.9,125,1.7000-1.8000,1.75,0.18538,0.0708153,0.310108
archive7yr_accepted,hard,4.9,125,1.8000-1.9000,1.85,0.18123,0.0715782,0.3277
archive7yr_accepted,hard,4.9,125,1.9000-2.0400,1.97,0.17664,0.0625517,0.313699
archive7yr_accepted,hard,4.9,125,2.0400-2.2000,2.12,0.17144,0.0584635,0.289258
archive7yr_accepted,hard,4.9,125,2.2000-2.3550,2.2775,0.1665,0.06414,0.348631
archive7yr_accepted,hard,4.9,125,2.3550-2.5100,2.4325,0.16209,0.0696346,0.415673
archive7yr_accepted,hard,4.9,140,0.8000-0.9000,0.85,0.2791,0.29087,5.44183
archive7yr_accepted,hard,4.9,140,0.9000-1.0000,0.95,0.26674,0.124698,0.93919
archive7yr_accepted,hard,4.9,140,1.0000-1.1000,1.05,0.25602,0.122068,0.665911
archive7yr_accepted,hard,4.9,140,1.1000-1.2000,1.15,0.24663,0.110948,0.545848
archive7yr_accepted,hard,4.9,140,1.2000-1.3000,1.25,0.23832,0.0945323,0.499277
archive7yr_accepted,hard,4.9,140,1.3000-1.4000,1.35,0.2309,0.0933146,0.44246
archive7yr_accepted,hard,4.9,140,1.4000-1.5000,1.45,0.22423,0.0972396,0.490375
archive7yr_accepted,hard,4.9,140,1.5000-1.6000,1.55,0.21819,0.0940613,0.445196
archive7yr_accepted,hard,4.9,140,1.6000-1.7000,1.65,0.21268,0.0913675,0.455808
archive7yr_accepted,hard,4.9,140,1.7000-1.8000,1.75,0.20763,0.0910653,0.496758
archive7yr_accepted,hard,4.9,140,1.8000-1.9000,1.85,0.20297,0.0927113,0.526338
archive7yr_accepted,hard,4.9,140,1.9000-2.0400,1.97,0.19784,0.0774754,0.431833
archive7yr_accepted,hard,4.9,140,2.0400-2.2000,2.12,0.19201,0.080507,0.493961
archive7yr_accepted,hard,4.9,140,2.2000-2.3550,2.2775,0.18648,0.0850037,0.52846
archive7yr_accepted,hard,4.9,140,2.3550-2.5100,2.4325,0.18154,0.0854628,0.541517
archive7yr_accepted,hard,4.9,150,0.8000-0.9000,0.85,0.29904,inf,inf
archive7yr_accepted,hard,4.9,150,0.9000-1.0000,0.95,0.28579,0.277251,3.15785
archive7yr_accepted,hard,4.9,150,1.0000-1.1000,1.05,0.27431,0.150865,0.953901
archive7yr_accepted,hard,4.9,150,1.1000-1.2000,1.15,0.26424,0.141974,0.885087
archive7yr_accepted,hard,4.9,150,1.2000-1.3000,1.25,0.25534,0.137495,0.747736
archive7yr_accepted,hard,4.9,150,1.3000-1.4000,1.35,0.24739,0.130266,0.742518
archive7yr_accepted,hard,4.9,150,1.4000-1.5000,1.45,0.24025,0.112764,0.599137
archive7yr_accepted,hard,4.9,150,1.5000-1.6000,1.55,0.23377,0.11224,0.65187
archive7yr_accepted,hard,4.9,150,1.6000-1.7000,1.65,0.22787,0.114163,0.638375
archive7yr_accepted,hard,4.9,150,1.7000-1.8000,1.75,0.22246,0.116026,0.646523
archive7yr_accepted,hard,4.9,150,1.8000-1.9000,1.85,0.21747,0.119226,0.71151
archive7yr_accepted,hard,4.9,150,1.9000-2.0400,1.97,0.21197,0.0970924,0.636427
archive7yr_accepted,hard,4.9,150,2.0400-2.2000,2.12,0.20572,0.0895427,0.580647
archive7yr_accepted,hard,4.9,150,2.2000-2.3550,2.2775,0.1998,0.0976011,0.726184
archive7yr_accepted,hard,4.9,150,2.3550-2.5100,2.4325,0.1945,0.102802,0.764462
archive7yr_accepted,hard,4.9,160,0.8000-0.9000,0.85,0.31897,inf,inf
archive7yr_accepted,hard,4.9,160,0.9000-1.0000,0.95,0.30484,0.715657,12.268
archive7yr_accepted,hard,4.9,160,1.0000-1.1000,1.05,0.29259,0.265563,2.30636
archive7yr_accepted,hard,4.9,160,1.1000-1.2000,1.15,0.28186,0.223163,1.42195
archive7yr_accepted,hard,4.9,160,1.2000-1.3000,1.25,0.27236,0.174149,1.26789
archive7yr_accepted,hard,4.9,160,1.3000-1.4000,1.35,0.26389,0.157747,0.987394
archive7yr_accepted,hard,4.9,160,1.4000-1.5000,1.45,0.25626,0.159043,0.925575
archive7yr_accepted,hard,4.9,160,1.5000-1.6000,1.55,0.24936,0.152862,0.874983
archive7yr_accepted,hard,4.9,160,1.6000-1.7000,1.65,0.24306,0.154318,0.947131
archive7yr_accepted,hard,4.9,160,1.7000-1.8000,1.75,0.23729,0.137898,0.960058
archive7yr_accepted,hard,4.9,160,1.8000-1.9000,1.85,0.23197,0.135126,0.891067
archive7yr_accepted,hard,4.9,160,1.9000-2.0400,1.97,0.2261,0.118703,0.851266
archive7yr_accepted,hard,4.9,160,2.0400-2.2000,2.12,0.21944,0.120802,0.905385
archive7yr_accepted,hard,4.9,160,2.2000-2.3550,2.2775,0.21312,0.120896,0.868378
archive7yr_accepted,hard,4.9,160,2.3550-2.5100,2.4325,0.20747,0.118862,1.04219
archive7yr_accepted,hard,4.9,175,0.8000-0.9000,0.85,0.34887,inf,inf
archive7yr_accepted,hard,4.9,175,0.9000-1.0000,0.95,0.33342,inf,inf
archive7yr_accepted,hard,4.9,175,1.0000-1.1000,1.05,0.32002,0.796518,21.4873
archive7yr_accepted,hard,4.9,175,1.1000-1.2000,1.15,0.30828,0.330773,3.98051
archive7yr_accepted,hard,4.9,175,1.2000-1.3000,1.25,0.2979,0.318714,3.25486
archive7yr_accepted,hard,4.9,175,1.3000-1.4000,1.35,0.28863,0.336797,2.79081
archive7yr_accepted,hard,4.9,175,1.4000-1.5000,1.45,0.28029,0.258696,1.74505
archive7yr_accepted,hard,4.9,175,1.5000-1.6000,1.55,0.27274,0.202774,1.48392
archive7yr_accepted,hard,4.9,175,1.6000-1.7000,1.65,0.26585,0.202713,1.44818
archive7yr_accepted,hard,4.9,175,1.7000-1.8000,1.75,0.25954,0.203388,1.50811
archive7yr_accepted,hard,4.9,175,1.8000-1.9000,1.85,0.25372,0.21443,1.65416
archive7yr_accepted,hard,4.9,175,1.9000-2.0400,1.97,0.2473,0.172362,1.31222
archive7yr_accepted,hard,4.9,175,2.0400-2.2000,2.12,0.24001,0.15397,1.28053
archive7yr_accepted,hard,4.9,175,2.2000-2.3550,2.2775,0.2331,0.164066,1.57415
archive7yr_accepted,hard,4.9,175,2.3550-2.5100,2.4325,0.22692,0.167042,1.55726
archive7yr_accepted,hard,4.9,200,0.8000-0.9000,0.85,0.39871,inf,inf
archive7yr_accepted,hard,4.9,200,0.9000-1.0000,0.95,0.38105,inf,inf
archive7yr_accepted,hard,4.9,200,1.0000-1.1000,1.05,0.36574,inf,inf
archive7yr_accepted,hard,4.9,200,1.1000-1.2000,1.15,0.35233,inf,inf
archive7yr_accepted,hard,4.9,200,1.2000-1.3000,1.25,0.34045,1.33973,70.7868
archive7yr_accepted,hard,4.9,200,1.3000-1.4000,1.35,0.32986,1.03637,13.0042
archive7yr_accepted,hard,4.9,200,1.4000-1.5000,1.45,0.32033,0.707499,6.89681
archive7yr_accepted,hard,4.9,200,1.5000-1.6000,1.55,0.3117,0.418311,4.15709
archive7yr_accepted,hard,4.9,200,1.6000-1.7000,1.65,0.30383,0.376008,3.691
archive7yr_accepted,hard,4.9,200,1.7000-1.8000,1.75,0.29661,0.398924,3.52056
archive7yr_accepted,hard,4.9,200,1.8000-1.9000,1.85,0.28996,0.414209,3.9714
archive7yr_accepted,hard,4.9,200,1.9000-2.0400,1.97,0.28263,0.335121,3.02522
archive7yr_accepted,hard,4.9,200,2.0400-2.2000,2.12,0.2743,0.285424,2.92484
archive7yr_accepted,hard,4.9,200,2.2000-2.3550,2.2775,0.2664,0.28276,3.23793
archive7yr_accepted,hard,4.9,200,2.3550-2.5100,2.4325,0.25934,0.29612,3.36129
archive7yr_accepted,hard,4.9,280,0.8000-0.9000,0.85,0.5582,inf,inf
archive7yr_accepted,hard,4.9,280,0.9000-1.0000,0.95,0.53348,inf,inf
archive7yr_accepted,hard,4.9,280,1.0000-1.1000,1.05,0.51204,inf,inf
archive7yr_accepted,hard,4.9,280,1.1000-1.2000,1.15,0.49326,inf,inf
archive7yr_accepted,hard,4.9,280,1.2000-1.3000,1.25,0.47664,inf,inf
archive7yr_accepted,hard,4.9,280,1.3000-1.4000,1.35,0.4618,inf,inf
archive7yr_accepted,hard,4.9,280,1.4000-1.5000,1.45,0.44846,inf,inf
archive7yr_accepted,hard,4.9,280,1.5000-1.6000,1.55,0.43638,inf,inf
archive7yr_accepted,hard,4.9,280,1.6000-1.7000,1.65,0.42536,inf,inf
archive7yr_accepted,hard,4.9,280,1.7000-1.8000,1.75,0.41526,inf,inf
archive7yr_accepted,hard,4.9,280,1.8000-1.9000,1.85,0.40595,inf,inf
archive7yr_accepted,hard,4.9,280,1.9000-2.0400,1.97,0.39568,10.8509,144.324
archive7yr_accepted,hard,4.9,280,2.0400-2.2000,2.12,0.38402,4.07132,54.1793
archive7yr_accepted,hard,4.9,280,2.2000-2.3550,2.2775,0.37296,2.17495,47.7248
archive7yr_accepted,hard,4.9,280,2.3550-2.5100,2.4325,0.36307,2.22363,43.2584
archive7yr_accepted,hard,4.9,400,0.8000-0.9000,0.85,0.79743,inf,inf
archive7yr_accepted,hard,4.9,400,0.9000-1.0000,0.95,0.76211,inf,inf
archive7yr_accepted,hard,4.9,400,1.0000-1.1000,1.05,0.73149,inf,inf
archive7yr_accepted,hard,4.9,400,1.1000-1.2000,1.15,0.70465,inf,inf
archive7yr_accepted,hard,4.9,400,1.2000-1.3000,1.25,0.68091,inf,inf
archive7yr_accepted,hard,4.9,400,1.3000-1.4000,1.35,0.65972,inf,inf
archive7yr_accepted,hard,4.9,400,1.4000-1.5000,1.45,0.64066,inf,inf
archive7yr_accepted,hard,4.9,400,1.5000-1.6000,1.55,0.6234,inf,inf
archive7yr_accepted,hard,4.9,400,1.6000-1.7000,1.65,0.60766,inf,inf
archive7yr_accepted,hard,4.9,400,1.7000-1.8000,1.75,0.59323,inf,inf
archive7yr_accepted,hard,4.9,400,1.8000-1.9000,1.85,0.57993,inf,inf
archive7yr_accepted,hard,4.9,400,1.9000-2.0400,1.97,0.56525,inf,inf
archive7yr_accepted,hard,4.9,400,2.0400-2.2000,2.12,0.5486,inf,inf
archive7yr_accepted,hard,4.9,400,2.2000-2.3550,2.2775,0.5328,inf,inf
archive7yr_accepted,hard,4.9,400,2.3550-2.5100,2.4325,0.51867,inf,inf
chime2025_masked,hard,4.9,0,1.0068-1.1163,1.0616,0,0.0515951,0.0453051
chime2025_masked,hard,4.9,0,1.1163-1.2259,1.1711,0,0.0536667,0.0474829
chime2025_masked,hard,4.9,0,1.2259-1.3354,1.2807,0,0.0560962,0.050057
chime2025_masked,hard,4.9,30,1.0068-1.1163,1.0616,0.054615,0.0549549,0.0638467
chime2025_masked,hard,4.9,30,1.1163-1.2259,1.1711,0.052455,0.0576177,0.0693327
chime2025_masked,hard,4.9,30,1.2259-1.3354,1.2807,0.050562,0.0608153,0.0761194
chime2025_masked,hard,4.9,50,1.0068-1.1163,1.0616,0.091025,0.0625029,0.101343
chime2025_masked,hard,4.9,50,1.1163-1.2259,1.1711,0.087425,0.0651865,0.106641
chime2025_masked,hard,4.9,50,1.2259-1.3354,1.2807,0.08427,0.0677639,0.111418
chime2025_masked,hard,4.9,75,1.0068-1.1163,1.0616,0.13654,0.0794209,0.183146
chime2025_masked,hard,4.9,75,1.1163-1.2259,1.1711,0.13114,0.0826721,0.188012
chime2025_masked,hard,4.9,75,1.2259-1.3354,1.2807,0.12641,0.087926,0.207861
chime2025_masked,hard,4.9,100,1.0068-1.1163,1.0616,0.18205,0.125815,0.406107
chime2025_masked,hard,4.9,100,1.1163-1.2259,1.1711,0.17485,0.120918,0.386605
chime2025_masked,hard,4.9,100,1.2259-1.3354,1.2807,0.16854,0.121973,0.395189
chime2025_masked,hard,4.9,110,1.0068-1.1163,1.0616,0.20025,0.14779,0.545313
chime2025_masked,hard,4.9,110,1.1163-1.2259,1.1711,0.19234,0.151757,0.538934
chime2025_masked,hard,4.9,110,1.2259-1.3354,1.2807,0.18539,0.153954,0.576736
chime2025_masked,hard,4.9,125,1.0068-1.1163,1.0616,0.22756,0.226292,1.03088
chime2025_masked,hard,4.9,125,1.1163-1.2259,1.1711,0.21856,0.223864,0.977717
chime2025_masked,hard,4.9,125,1.2259-1.3354,1.2807,0.21068,0.197889,0.86873
chime2025_masked,hard,4.9,140,1.0068-1.1163,1.0616,0.25487,0.373309,2.12575
chime2025_masked,hard,4.9,140,1.1163-1.2259,1.1711,0.24479,0.341639,1.73563
chime2025_masked,hard,4.9,140,1.2259-1.3354,1.2807,0.23596,0.296454,1.69484
chime2025_masked,hard,4.9,150,1.0068-1.1163,1.0616,0.27307,0.443927,2.95729
chime2025_masked,hard,4.9,150,1.1163-1.2259,1.1711,0.26228,0.457865,3.01738
chime2025_masked,hard,4.9,150,1.2259-1.3354,1.2807,0.25281,0.431307,2.43188
chime2025_masked,hard,4.9,160,1.0068-1.1163,1.0616,0.29128,0.839268,7.06335
chime2025_masked,hard,4.9,160,1.1163-1.2259,1.1711,0.27976,0.71849,4.63535
chime2025_masked,hard,4.9,160,1.2259-1.3354,1.2807,0.26966,0.518019,3.57207
chime2025_masked,hard,4.9,175,1.0068-1.1163,1.0616,0.31859,2.54044,67.0151
chime2025_masked,hard,4.9,175,1.1163-1.2259,1.1711,0.30599,1.20539,15.4732
chime2025_masked,hard,4.9,175,1.2259-1.3354,1.2807,0.29495,1.18979,9.53359
chime2025_masked,hard,4.9,200,1.0068-1.1163,1.0616,0.3641,inf,inf
chime2025_masked,hard,4.9,200,1.1163-1.2259,1.1711,0.3497,inf,inf
chime2025_masked,hard,4.9,200,1.2259-1.3354,1.2807,0.33708,inf,inf
chime2025_masked,hard,4.9,280,1.0068-1.1163,1.0616,0.50974,inf,inf
chime2025_masked,hard,4.9,280,1.1163-1.2259,1.1711,0.48958,inf,inf
chime2025_masked,hard,4.9,280,1.2259-1.3354,1.2807,0.47191,inf,inf
chime2025_masked,hard,4.9,400,1.0068-1.1163,1.0616,0.7282,inf,inf
chime2025_masked,hard,4.9,400,1.1163-1.2259,1.1711,0.6994,inf,inf
chime2025_masked,hard,4.9,400,1.2259-1.3354,1.2807,0.67416,inf,inf
