channel,evidence,tau_bound,order,masked_fraction,r_over_rtol
36,stated,1,0,0,51091.7
36,stated,1,1,0,51091.7
36,stated,1,2,0,51091.7
36,stated,1,3,0,51091.7
36,stated,1,4,5.2410901e-05,50729.4
36,stated,1,5,0.00049790356,48167.8
36,stated,1,6,0.0014937107,43866.7
36,stated,1,7,0.0026991614,39770.3
36,stated,1,8,0.003432914,37844.3
36,stated,1,9,0.0048480084,35080.3
36,stated,1,10,0.0070230608,31819.2
36,stated,1,11,0.0088312369,29798.4
36,stated,1,12,0.011792453,27285.3
36,stated,1,13,0.015828092,24714.3
36,stated,1,14,0.020780922,22399.3
36,stated,1,15,0.026912998,20238.4
36,stated,1,16,0.03456499,18262.3
36,stated,1,17,0.045073375,16303.5
36,stated,1,18,0.05783543,14601.9
36,stated,1,19,0.075786164,12971.2
36,stated,1,20,0.10516247,11244.1
36,stated,1,21,0.15875262,9408.66
36,stated,1,22,0.31415094,6908.24
36,stated,1,23,0.99263627,2041.41
36,stated,1,24,0.99910901,4845.68
35,measured,0,0,0,114.503
35,measured,0,1,0,114.503
35,measured,0,2,0,114.503
35,measured,0,3,0,114.503
35,measured,0,4,0,114.503
35,measured,0,5,0,114.503
35,measured,0,6,0,114.503
35,measured,0,7,0,114.503
35,measured,0,8,0,114.503
35,measured,0,9,0.00030169705,114.347
35,measured,0,10,0.00042740415,114.305
35,measured,0,11,0.00055311125,114.274
35,measured,0,12,0.0010810811,114.186
35,measured,0,13,0.12286612,103.479
35,measured,0,14,0.63612822,25.2911
35,measured,0,15,0.69704588,5.42622
35,measured,0,16,0.70023884,4.54883
35,measured,0,17,0.70207417,4.18695
35,measured,0,18,0.70411062,3.89749
35,measured,0,19,0.70662476,3.66329
35,measured,0,20,0.71062225,3.41723
35,measured,0,21,0.71268385,3.3549
35,measured,0,22,0.71610308,3.31287
35,measured,0,23,0.73282212,3.41552
35,measured,0,24,0.83698303,4.40383
34,measured,1,0,0,17820.1
34,measured,1,1,0,17820.1
34,measured,1,2,0,17820.1
34,measured,1,3,0,17820.1
34,measured,1,4,0,17820.1
34,measured,1,5,0,17820.1
34,measured,1,6,0,17820.1
34,measured,1,7,0,17820.1
34,measured,1,8,0.00015377912,16943.2
34,measured,1,9,0.00064074634,14704.4
34,measured,1,10,0.00094830459,13622.2
34,measured,1,11,0.001230233,12885.1
34,measured,1,12,0.0016915703,11965.2
34,measured,1,13,0.0021529077,11275.8
34,measured,1,14,0.0027680242,10589.9
34,measured,1,15,0.0034344004,10042.8
34,measured,1,16,0.0041264064,9630.07
34,measured,1,17,0.0055873081,8980.44
34,measured,1,18,0.007535177,8355.74
34,measured,1,19,0.0096880847,7869.93
34,measured,1,20,0.013532563,7311.28
34,measured,1,21,0.020913961,6656.9
34,measured,1,22,0.036291873,5978.75
34,measured,1,23,0.58146449,3415.78
34,measured,1,24,0.9909014,294.501
33,measured,1,0,0,12.6734
33,measured,1,1,0,12.6734
33,measured,1,2,0,12.6734
33,measured,1,3,0,12.6734
33,measured,1,4,0,12.6734
33,measured,1,5,0,12.6734
33,measured,1,6,0,12.6734
33,measured,1,7,0,12.6734
33,measured,1,8,0,12.6734
33,measured,1,9,0,12.6734
33,measured,1,10,2.9234637e-05,12.6228
33,measured,1,11,0.00070163129,11.6944
33,measured,1,12,0.0018125475,10.4993
33,measured,1,13,0.002981933,9.54973
33,measured,1,14,0.0037420336,9.08307
33,measured,1,15,0.0046190727,8.67746
33,measured,1,16,0.0056130503,8.33499
33,measured,1,17,0.0068409051,8.05038
33,measured,1,18,0.010027481,7.5027
33,measured,1,19,0.014675788,6.95798
33,measured,1,20,0.02578495,6.12843
33,measured,1,21,0.06531018,4.19165
33,measured,1,22,0.11009764,2.99029
33,measured,1,23,0.47474127,0.851462
33,measured,1,24,0.80532655,0.214013
32,measured,1,0,0,4.73958e+06
32,measured,1,1,0,4.73958e+06
32,measured,1,2,0,4.73958e+06
32,measured,1,3,0.0014176856,4.71676e+06
32,measured,1,4,0.18947368,1.89693e+06
32,measured,1,5,0.29484317,17326.4
32,measured,1,6,0.29498494,15080.1
32,measured,1,7,0.29519759,12775.1
32,measured,1,8,0.2953748,11241.9
32,measured,1,9,0.29555201,10037.8
32,measured,1,10,0.29569378,9393.85
32,measured,1,11,0.29590643,8607.3
32,measured,1,12,0.29647351,7040.99
32,measured,1,13,0.29693425,6048.55
32,measured,1,14,0.29711147,5775.34
32,measured,1,15,0.29753677,5273.29
32,measured,1,16,0.29792663,4928.65
32,measured,1,17,0.29881269,4366.92
32,measured,1,18,0.29945065,4075.7
32,measured,1,19,0.30161262,3395.92
32,measured,1,20,0.30338472,3018.33
32,measured,1,21,0.30820486,2385.43
32,measured,1,22,0.31752614,1763.04
32,measured,1,23,0.37806131,782.4
32,measured,1,24,0.71100478,154.857
31,stated,0,0,0,333.458
31,stated,0,1,0,333.458
31,stated,0,2,0,333.458
31,stated,0,3,0,333.458
31,stated,0,4,0,333.458
31,stated,0,5,0,333.458
31,stated,0,6,0,333.458
31,stated,0,7,0,333.458
31,stated,0,8,0,333.458
31,stated,0,9,0,333.458
31,stated,0,10,0.011938565,331.462
31,stated,0,11,0.37977543,294.232
31,stated,0,12,0.86115772,194.831
31,stated,0,13,0.95347186,93.5214
31,stated,0,14,0.9646683,65.7357
31,stated,0,15,0.96995999,54.6017
31,stated,0,16,0.97515488,45.9201
31,stated,0,17,0.98538332,28.2848
31,stated,0,18,0.99106221,12.0067
31,stated,0,19,0.99283686,5.48883
31,stated,0,20,0.99419205,0.781009
31,stated,0,21,0.99428885,0.523166
31,stated,0,22,0.99428885,0.523166
31,stated,0,23,0.99477284,0.435841
30,stated,1,0,0,1.45185e+07
30,stated,1,1,0,1.45185e+07
30,stated,1,2,0,1.45185e+07
30,stated,1,3,0,1.45185e+07
30,stated,1,4,0.093013241,1.42426e+07
30,stated,1,5,0.95080202,3.30011e+06
30,stated,1,6,0.96361288,133283
30,stated,1,7,0.96361288,133283
30,stated,1,8,0.96361288,133283
30,stated,1,9,0.96393584,94233.8
30,stated,1,10,0.96393584,94233.8
30,stated,1,11,0.9642588,67175.4
30,stated,1,12,0.96479707,37018.4
30,stated,1,13,0.96512003,21906.1
30,stated,1,14,0.96512003,21906.1
30,stated,1,15,0.96512003,21906.1
30,stated,1,16,0.96598127,5862.67
30,stated,1,17,0.96598127,5862.67
30,stated,1,18,0.96619658,3301.9
30,stated,1,19,0.96619658,3301.9
30,stated,1,20,0.96619658,3301.9
30,stated,1,21,0.96619658,3301.9
30,stated,1,22,0.96619658,3301.9
30,stated,1,23,0.96985682,2734.61
30,stated,1,24,0.98406718,3333.02
29,measured,1,0,0,11426.5
29,measured,1,1,0,11426.5
29,measured,1,2,0,11426.5
29,measured,1,3,0,11426.5
29,measured,1,4,0,11426.5
29,measured,1,5,0.00010163376,10025.7
29,measured,1,6,0.0001270422,9717.05
29,measured,1,7,0.0001270422,9717.05
29,measured,1,8,0.0001270422,9717.05
29,measured,1,9,0.0001270422,9717.05
29,measured,1,10,0.00027949285,9166.68
29,measured,1,11,0.00053357725,8456.54
29,measured,1,12,0.0010417461,7353.81
29,measured,1,13,0.0013720558,6814
29,measured,1,14,0.002134309,5885.44
29,measured,1,15,0.0031506466,4898.27
29,measured,1,16,0.0035317733,4631.49
29,measured,1,17,0.0043702518,4233.33
29,measured,1,18,0.005589857,3801.99
29,measured,1,19,0.0079782504,3217.49
29,measured,1,20,0.012526361,2434.4
29,measured,1,21,0.017963768,1852.88
29,measured,1,22,0.026577229,1405.99
29,measured,1,23,0.080570165,700.118
29,measured,1,24,0.63731992,169.187
28,stated,1,0,0,48106.9
28,stated,1,1,0,48106.9
28,stated,1,2,0,48106.9
28,stated,1,3,6.0921746e-05,46703.4
28,stated,1,4,0.00012184349,45495.6
28,stated,1,5,0.00015230437,45039.7
28,stated,1,6,0.0004569131,41649.7
28,stated,1,7,0.00094428706,37458.6
28,stated,1,8,0.0014621219,33786.4
28,stated,1,9,0.0017362698,32394.3
28,stated,1,10,0.0021322611,30890.4
28,stated,1,11,0.0028024003,28867.1
28,stated,1,12,0.0034725395,27430.1
28,stated,1,13,0.0042340613,26100.4
28,stated,1,14,0.0051478875,25000.2
28,stated,1,15,0.0065186268,23762.7
28,stated,1,16,0.0083158183,22565.3
28,stated,1,17,0.010630845,21425.7
28,stated,1,18,0.01431661,20175.6
28,stated,1,19,0.020622011,18700.7
28,stated,1,20,0.028359073,17520.8
28,stated,1,21,0.043041214,16200.2
28,stated,1,22,0.09351488,14226.9
28,stated,1,23,0.9819367,5018.51
28,stated,1,24,0.99744129,12169.3
27,stated,1,0,0,2.54077e+06
27,stated,1,1,0,2.54077e+06
27,stated,1,2,0,2.54077e+06
27,stated,1,3,0,2.54077e+06
27,stated,1,4,0.00040522157,2.53443e+06
27,stated,1,5,0.014385366,2.37463e+06
27,stated,1,6,0.18889114,472377
27,stated,1,7,0.21085994,222182
27,stated,1,8,0.21525949,187913
27,stated,1,9,0.23007902,96857
27,stated,1,10,0.2418015,36112.3
27,stated,1,11,0.24342239,29847.6
27,stated,1,12,0.24426177,27468.3
27,stated,1,13,0.24599844,23811.3
27,stated,1,14,0.24738777,21550.6
27,stated,1,15,0.24918232,19355.9
27,stated,1,16,0.25190309,16909.2
27,stated,1,17,0.25517381,14857.7
27,stated,1,18,0.25867608,13245.9
27,stated,1,19,0.26518857,11193.6
27,stated,1,20,0.27436395,9222.49
27,stated,1,21,0.28817042,7423.39
27,stated,1,22,0.31861993,5387.93
27,stated,1,23,0.54253379,1788.99
27,stated,1,24,0.98052042,2380.44
26,measured,1,0,0,98.1648
26,measured,1,1,0,98.1648
26,measured,1,2,0,98.1648
26,measured,1,3,0,98.1648
26,measured,1,4,0,98.1648
26,measured,1,5,0.00011384335,97.9723
26,measured,1,6,0.00018973892,97.8846
26,measured,1,7,0.00026563449,97.8133
26,measured,1,8,0.0012902247,97.1365
26,measured,1,9,0.0031117183,96.2319
26,measured,1,10,0.01164997,93.4816
26,measured,1,11,0.11566485,66.2945
26,measured,1,12,0.29299484,16.7888
26,measured,1,13,0.33101852,6.29214
26,measured,1,14,0.34050546,4.32181
26,measured,1,15,0.35651943,1.69992
26,measured,1,16,0.36323619,0.823318
26,measured,1,17,0.36437462,0.71893
26,measured,1,18,0.36536126,0.657087
26,measured,1,19,0.36703097,0.583764
26,measured,1,20,0.36949757,0.50632
26,measured,1,21,0.37200213,0.46161
26,measured,1,22,0.38065422,0.375355
26,measured,1,23,0.44983303,0.233381
26,measured,1,24,0.95302064,0.0803913
25,stated,1,0,0,46163.9
25,stated,1,1,0,46163.9
25,stated,1,2,0,46163.9
25,stated,1,3,0,46163.9
25,stated,1,4,0,46163.9
25,stated,1,5,0,46163.9
25,stated,1,6,2.612262e-05,45617.5
25,stated,1,7,0.0002612262,41503.2
25,stated,1,8,0.00062694287,36347.9
25,stated,1,9,0.00083592383,34189.7
25,stated,1,10,0.00099265954,33032.5
25,stated,1,11,0.0011755179,31938.9
25,stated,1,12,0.0015673572,30151.2
25,stated,1,13,0.0021420548,28140.2
25,stated,1,14,0.002951856,26059.7
25,stated,1,15,0.0042318644,23595.4
25,stated,1,16,0.0056424858,21607.3
25,stated,1,17,0.0071837204,20005.8
25,stated,1,18,0.010422925,17621.1
25,stated,1,19,0.013531517,16037.5
25,stated,1,20,0.020506256,13716
25,stated,1,21,0.033776547,10925.5
25,stated,1,22,0.063791437,7673.31
25,stated,1,23,0.25801311,2265.51
25,stated,1,24,0.88892662,1521.01
24,stated,0,0,0,2816.44
24,stated,0,1,0,2816.44
24,stated,0,2,0,2816.44
24,stated,0,3,0,2816.44
24,stated,0,4,9.8483356e-05,2816.19
24,stated,0,5,0.084006303,2699.56
24,stated,0,6,0.5194997,2045.54
24,stated,0,7,0.7254284,1503.56
24,stated,0,8,0.78313965,1404.92
24,stated,0,9,0.92791018,1170.62
24,stated,0,10,0.99635612,760.848
23,stated,1,0,0,82.5342
23,stated,1,1,0,82.5342
23,stated,1,2,0,82.5342
23,stated,1,3,0,82.5342
23,stated,1,4,0,82.5342
23,stated,1,5,0,82.5342
23,stated,1,6,0,82.5342
23,stated,1,7,0,82.5342
23,stated,1,8,2.653787e-05,82.0687
23,stated,1,9,0.00015922722,80.2818
23,stated,1,10,0.00068998461,74.8922
23,stated,1,11,0.0013003556,69.8859
23,stated,1,12,0.0018841887,66.5189
23,stated,1,13,0.0041133698,56.7008
23,stated,1,14,0.0059975585,49.9823
23,stated,1,15,0.0087840348,42.8745
23,stated,1,16,0.011172443,38.3714
23,stated,1,17,0.013693541,34.9632
23,stated,1,18,0.018178441,30.6134
23,stated,1,19,0.024733294,26.1996
23,stated,1,20,0.035029988,21.6257
23,stated,1,21,0.055119155,15.9728
23,stated,1,22,0.095854785,9.959
23,stated,1,23,0.27851494,2.20083
23,stated,1,24,0.8868956,1.39782
22,stated,1,0,0,770592
22,stated,1,1,0,770592
22,stated,1,2,2.6339356e-05,769122
22,stated,1,3,0.0011325923,718385
22,stated,1,4,0.0018700943,691994
22,stated,1,5,0.0034504557,649223
22,stated,1,6,0.0054259074,608375
22,stated,1,7,0.0070852868,582291
22,stated,1,8,0.0087710056,562505
22,stated,1,9,0.010878154,543819
22,stated,1,10,0.013169678,528604
22,stated,1,11,0.015461202,517073
22,stated,1,12,0.017542011,509400
22,stated,1,13,0.021045146,500344
22,stated,1,14,0.025496497,492080
22,stated,1,15,0.032502766,483148
22,stated,1,16,0.039535374,477336
22,stated,1,17,0.05523363,470261
22,stated,1,18,0.20563135,439602
22,stated,1,19,0.84409735,320466
22,stated,1,20,0.981062,104041
22,stated,1,21,0.98659327,56913.9
22,stated,1,22,0.99188748,31317.8
22,stated,1,23,0.99773482,6673.01
21,measured,1,0,0,34593.3
21,measured,1,1,0,34593.3
21,measured,1,2,0,34593.3
21,measured,1,3,0,34593.3
21,measured,1,4,0,34593.3
21,measured,1,5,0,34593.3
21,measured,1,6,0,34593.3
21,measured,1,7,0,34593.3
21,measured,1,8,5.1783957e-05,33971.6
21,measured,1,9,0.00023302781,32217.3
21,measured,1,10,0.00064729947,29206.2
21,measured,1,11,0.0015276267,24481.6
21,measured,1,12,0.0021749262,21767.5
21,measured,1,13,0.0026409818,20344.3
21,measured,1,14,0.003624877,18103.5
21,measured,1,15,0.004893584,15922.3
21,measured,1,16,0.0055926674,15020.3
21,measured,1,17,0.007301538,13506.1
21,measured,1,18,0.010538035,11321.9
21,measured,1,19,0.013929885,9755.84
21,measured,1,20,0.018564549,8343.67
21,measured,1,21,0.027316037,6627.19
21,measured,1,22,0.043757444,4957.85
21,measured,1,23,0.1510797,2332.4
21,measured,1,24,0.59665476,877.388
20,stated,1,0,0,11.5169
20,stated,1,1,0,11.5169
20,stated,1,2,0,11.5169
20,stated,1,3,0,11.5169
20,stated,1,4,0,11.5169
20,stated,1,5,0.00027221254,11.1815
20,stated,1,6,0.00057164634,10.8592
20,stated,1,7,0.0009527439,10.5624
20,stated,1,8,0.0016604965,10.142
20,stated,1,9,0.0023410279,9.82827
20,stated,1,10,0.0032665505,9.51236
20,stated,1,11,0.0039470819,9.33952
20,stated,1,12,0.0057164634,9.00491
20,stated,1,13,0.0069686411,8.82102
20,stated,1,14,0.0086563589,8.64884
20,stated,1,15,0.011677918,8.41384
20,stated,1,16,0.014917247,8.23796
20,stated,1,17,0.02060649,8.02701
20,stated,1,18,0.056456882,7.14222
20,stated,1,19,0.19746298,4.44548
20,stated,1,20,0.35929334,1.47886
20,stated,1,21,0.37532666,1.26967
20,stated,1,22,0.41425305,1.04153
20,stated,1,23,0.9414743,0.16643
20,stated,1,24,0.99809451,0.248207
19,measured,0,0,0,91.934
19,measured,0,1,0,91.934
19,measured,0,2,0,91.934
19,measured,0,3,0,91.934
19,measured,0,4,0,91.934
19,measured,0,5,0,91.934
19,measured,0,6,0,91.934
19,measured,0,7,0,91.934
19,measured,0,8,0,91.934
19,measured,0,9,0.0049597604,90.6702
19,measured,0,10,0.11814524,66.8156
19,measured,0,11,0.35757065,9.37408
19,measured,0,12,0.38877971,0.929678
19,measured,0,13,0.39097885,0.451911
19,measured,0,14,0.39154033,0.368689
19,measured,0,15,0.39196144,0.320251
19,measured,0,16,0.39224219,0.298268
19,measured,0,17,0.39233577,0.293056
19,measured,0,18,0.39256972,0.2826
19,measured,0,19,0.39303762,0.267678
19,measured,0,20,0.39383305,0.25208
19,measured,0,21,0.39612577,0.222786
19,measured,0,22,0.40164701,0.189495
19,measured,0,23,0.45784204,0.106549
19,measured,0,24,0.91755568,0.0351296
18,measured,1,0,0,161776
18,measured,1,1,0,161776
18,measured,1,2,0.00036771465,147810
18,measured,1,3,0.001103144,126527
18,measured,1,4,0.0019698999,106503
18,measured,1,5,0.0027578599,92655.6
18,measured,1,6,0.0035458199,82007.8
18,measured,1,7,0.0044913718,72518.7
18,measured,1,8,0.0054894545,64885.1
18,measured,1,9,0.0066451291,58081.4
18,measured,1,10,0.0085099677,49759.8
18,measured,1,11,0.01063746,42470.6
18,measured,1,12,0.012870013,36715.3
18,measured,1,13,0.015076301,32412.1
18,measured,1,14,0.01699367,29626
18,measured,1,15,0.019331285,27064.1
18,measured,1,16,0.022273002,24761.5
18,measured,1,17,0.028051375,21392.2
18,measured,1,18,0.035248076,18364.9
18,measured,1,19,0.044572269,15620.3
18,measured,1,20,0.056995771,13217.7
18,measured,1,21,0.075933076,10964.8
18,measured,1,22,0.12365718,8004.27
18,measured,1,23,0.40955533,2926.43
18,measured,1,24,0.92343656,1038.82
17,stated,1,0,0,2.54968e+06
17,stated,1,1,0,2.54968e+06
17,stated,1,2,0,2.54968e+06
17,stated,1,3,0,2.54968e+06
17,stated,1,4,0,2.54968e+06
17,stated,1,5,0,2.54968e+06
17,stated,1,6,0,2.54968e+06
17,stated,1,7,0.00021087513,2.54908e+06
17,stated,1,8,0.029161018,2.49445e+06
17,stated,1,9,0.31531857,2.13906e+06
17,stated,1,10,0.70808857,1.22432e+06
17,stated,1,11,0.73517096,1.13568e+06
17,stated,1,12,0.82093689,961737
17,stated,1,13,0.93312246,603001
17,stated,1,14,0.97068836,213898
17,stated,1,15,0.97719536,82481.3
17,stated,1,16,0.98017774,22887.7
17,stated,1,17,0.98059949,15003.1
17,stated,1,18,0.98081036,12397.3
17,stated,1,19,0.98081036,12397.3
17,stated,1,20,0.98084049,12208.7
17,stated,1,21,0.98084049,12208.7
17,stated,1,22,0.98192499,11040.6
17,stated,1,23,0.99406537,816.737
17,stated,1,24,0.99888537,2114.05
16,stated,1,0,0,11479.7
16,stated,1,1,0,11479.7
16,stated,1,2,0,11479.7
16,stated,1,3,0,11479.7
16,stated,1,4,0,11479.7
16,stated,1,5,0,11479.7
16,stated,1,6,0,11479.7
16,stated,1,7,2.7483853e-05,11330
16,stated,1,8,0.00016490312,10635.1
16,stated,1,9,0.00019238697,10546.5
16,stated,1,10,0.00027483853,10314.3
16,stated,1,11,0.00038477395,10104.2
16,stated,1,12,0.00065961248,9693.83
16,stated,1,13,0.0010993541,9187.36
16,stated,1,14,0.0017589666,8637.15
16,stated,1,15,0.003188127,7731.66
16,stated,1,16,0.0052768998,6768.8
16,stated,1,17,0.0070908341,6122.29
16,stated,1,18,0.0087398653,5710.75
16,stated,1,19,0.011818057,5195.3
16,stated,1,20,0.01605057,4720.77
16,stated,1,21,0.027731208,3913.82
16,stated,1,22,0.058650543,2816.33
16,stated,1,23,0.26203106,815.789
16,stated,1,24,0.91598186,533.596
15,stated,1,0,0,80228.6
15,stated,1,1,0,80228.6
15,stated,1,2,5.8445354e-05,78820.2
15,stated,1,3,0.00017533606,76773.3
15,stated,1,4,0.00067212157,70351.3
15,stated,1,5,0.0014319112,62539.2
15,stated,1,6,0.001987142,58085.4
15,stated,1,7,0.0027177089,53783.4
15,stated,1,8,0.0037697253,48930.7
15,stated,1,9,0.0051724138,43911.1
15,stated,1,10,0.0064874342,40441.4
15,stated,1,11,0.0074225599,38543.5
15,stated,1,12,0.0087375804,36574.5
15,stated,1,13,0.011250731,33761.1
15,stated,1,14,0.014143776,31255.6
15,stated,1,15,0.017241379,29335.5
15,stated,1,16,0.020485096,27861.6
15,stated,1,17,0.025715956,26142.2
15,stated,1,18,0.031385155,24851.3
15,stated,1,19,0.041613092,23258.9
15,stated,1,20,0.057627119,21720.1
15,stated,1,21,0.095821157,19639.4
15,stated,1,22,0.26908241,16037.5
15,stated,1,23,0.99544126,4322.55
15,stated,1,24,0.99903565,13068.8
14,measured,1,0,0,69698.1
14,measured,1,1,0,69698.1
14,measured,1,2,0,69698.1
14,measured,1,3,0,69698.1
14,measured,1,4,0,69698.1
14,measured,1,5,0.00031401656,66426.2
14,measured,1,6,0.00054239224,64598.6
14,measured,1,7,0.00097059663,62087.1
14,measured,1,8,0.0017413645,58656.8
14,measured,1,9,0.002854696,54820.1
14,measured,1,10,0.0043962318,50716
14,measured,1,11,0.0059948615,47518.8
14,measured,1,12,0.010391093,41138.5
14,measured,1,13,0.014530403,36318.8
14,measured,1,14,0.019469027,32049.1
14,measured,1,15,0.026777048,27425.1
14,measured,1,16,0.036454468,22910.7
14,measured,1,17,0.048644019,18732.4
14,measured,1,18,0.063773908,14974.2
14,measured,1,19,0.082186697,11748.1
14,measured,1,20,0.10762204,8707.97
14,measured,1,21,0.14473309,5957.24
14,measured,1,22,0.20305452,3508.99
14,measured,1,23,0.41001998,903.625
14,measured,1,24,0.94758778,102.575
