world,bin_index,z_lo,z_hi,parameter,tolerance,at_target,years_used,years_accepted,years_refused
none,0,0.8,0.9,aperp,0.01829726122677785,True,1.0,1,4
none,0,0.8,0.9,apar,0.04731166310216584,True,1.0,2,3
none,0,0.8,0.9,fs8,0.0022917479143427866,True,1.0,5,0
none,1,0.9,1.0,aperp,0.04848556973833437,False,3.0,4,1
none,1,0.9,1.0,apar,0.06744873924944206,False,3.0,4,1
none,1,0.9,1.0,fs8,0.0018732721911100354,True,1.0,5,0
none,2,1.0,1.1,aperp,0.009504676494911952,True,1.0,5,0
none,2,1.0,1.1,apar,0.027948224834234345,True,1.0,5,0
none,2,1.0,1.1,fs8,0.0015993664589912194,True,1.0,5,0
none,3,1.1,1.2,aperp,0.03307778006969254,True,1.0,5,0
none,3,1.1,1.2,apar,0.05693976731503976,True,1.0,4,1
none,3,1.1,1.2,fs8,0.0015627503504451715,True,1.0,5,0
none,4,1.2,1.3,aperp,0.012898280860172794,True,1.0,5,0
none,4,1.2,1.3,apar,0.03116066725452059,True,1.0,5,0
none,4,1.2,1.3,fs8,0.0014512147083174096,True,1.0,5,0
none,5,1.3,1.4,aperp,0.0343837376489464,False,3.0,2,3
none,5,1.3,1.4,apar,0.08236814518095811,False,5.0,2,3
none,5,1.3,1.4,fs8,0.00150339801255183,True,1.0,5,0
none,6,1.4,1.5,aperp,0.015828703885530742,True,1.0,1,4
none,6,1.4,1.5,apar,0.03766995508814314,True,1.0,2,3
none,6,1.4,1.5,fs8,0.0015343174524799134,True,1.0,5,0
none,7,1.5,1.6,aperp,0.014019854149563906,False,3.0,4,1
none,7,1.5,1.6,apar,0.029411652326268797,False,3.0,4,1
none,7,1.5,1.6,fs8,0.0016036255921352241,True,1.0,5,0
none,8,1.6,1.7,aperp,0.02774864507664761,False,8.0,1,4
none,8,1.6,1.7,apar,0.05301424306366111,False,8.0,1,4
none,8,1.6,1.7,fs8,0.0017151275493036949,True,1.0,5,0
none,9,1.7,1.8,aperp,0.00850842842622088,True,1.0,3,2
none,9,1.7,1.8,apar,0.02679509288713559,True,1.0,3,2
none,9,1.7,1.8,fs8,0.0018144601822246624,True,1.0,5,0
none,10,1.8,1.9,aperp,0.011958214197006252,True,1.0,5,0
none,10,1.8,1.9,apar,0.0424879269197585,True,1.0,5,0
none,10,1.8,1.9,fs8,0.0019514052430428899,True,1.0,5,0
none,11,1.9,2.04,aperp,0.07009167319640208,False,8.0,4,1
none,11,1.9,2.04,apar,nan,False,nan,0,5
none,11,1.9,2.04,fs8,0.0017693529485405294,True,1.0,5,0
none,12,2.04,2.2,aperp,0.011837043235610778,True,1.0,5,0
none,12,2.04,2.2,apar,0.01944338555237844,True,1.0,5,0
none,12,2.04,2.2,fs8,0.0017989975642824447,True,1.0,5,0
none,13,2.2,2.355,aperp,0.010701003707112815,True,1.0,5,0
none,13,2.2,2.355,apar,0.020420557842079315,True,1.0,5,0
none,13,2.2,2.355,fs8,0.0020247627905960112,True,1.0,5,0
none,14,2.355,2.51,aperp,0.024208614192563052,True,1.0,1,4
none,14,2.355,2.51,apar,0.061789077763879666,True,1.0,1,4
none,14,2.355,2.51,fs8,0.0022365524099185394,True,1.0,5,0
peak1,0,0.8,0.9,aperp,0.022477309635420342,True,1.0,2,3
peak1,0,0.8,0.9,apar,0.052235663089216657,True,1.0,2,3
peak1,0,0.8,0.9,fs8,0.003515804027458613,True,1.0,5,0
peak1,1,0.9,1.0,aperp,nan,False,nan,0,5
peak1,1,0.9,1.0,apar,0.06517228027987104,True,1.0,4,1
peak1,1,0.9,1.0,fs8,0.0026672709125049195,True,1.0,5,0
peak1,2,1.0,1.1,aperp,0.04385148951194617,True,1.0,5,0
peak1,2,1.0,1.1,apar,0.17472531025884064,False,8.0,4,1
peak1,2,1.0,1.1,fs8,0.0021361115468436446,True,1.0,5,0
peak1,3,1.1,1.2,aperp,0.026692838092501316,True,1.0,5,0
peak1,3,1.1,1.2,apar,0.04266350253421789,True,1.0,5,0
peak1,3,1.1,1.2,fs8,0.0019547793860591137,True,1.0,5,0
peak1,4,1.2,1.3,aperp,0.02860849364524843,False,3.0,4,1
peak1,4,1.2,1.3,apar,0.07445182823478554,False,3.0,2,3
peak1,4,1.2,1.3,fs8,0.001747020882995711,True,1.0,5,0
peak1,5,1.3,1.4,aperp,0.015651478155617665,True,1.0,1,4
peak1,5,1.3,1.4,apar,0.027144374379873017,True,1.0,1,4
peak1,5,1.3,1.4,fs8,0.001701612091380084,True,1.0,5,0
peak1,6,1.4,1.5,aperp,0.0153942384613402,True,1.0,4,1
peak1,6,1.4,1.5,apar,0.02257146439937674,True,1.0,5,0
peak1,6,1.4,1.5,fs8,0.0017218772729113414,True,1.0,5,0
peak1,7,1.5,1.6,aperp,0.030564214332188394,False,8.0,1,4
peak1,7,1.5,1.6,apar,0.07460220068563156,False,8.0,2,3
peak1,7,1.5,1.6,fs8,0.0017834904451086771,True,1.0,5,0
peak1,8,1.6,1.7,aperp,0.008924378643143965,True,1.0,5,0
peak1,8,1.6,1.7,apar,0.023532383435692545,True,1.0,5,0
peak1,8,1.6,1.7,fs8,0.0018434465614759982,True,1.0,5,0
peak1,9,1.7,1.8,aperp,0.019149672216084122,True,1.0,5,0
peak1,9,1.7,1.8,apar,0.07963536487853506,True,1.0,5,0
peak1,9,1.7,1.8,fs8,0.0019640528959871885,True,1.0,5,0
peak1,10,1.8,1.9,aperp,0.02454212548996024,True,1.0,5,0
peak1,10,1.8,1.9,apar,0.03357769398729898,True,1.0,5,0
peak1,10,1.8,1.9,fs8,0.0020773480109054277,True,1.0,5,0
peak1,11,1.9,2.04,aperp,0.010219246793642923,True,1.0,5,0
peak1,11,1.9,2.04,apar,0.020032108675639173,True,1.0,5,0
peak1,11,1.9,2.04,fs8,0.001876468822804633,True,1.0,5,0
peak1,12,2.04,2.2,aperp,0.04259662548954411,True,1.0,3,2
peak1,12,2.04,2.2,apar,0.320127873784414,False,8.0,4,1
peak1,12,2.04,2.2,fs8,0.001961575543527262,True,1.0,5,0
peak1,13,2.2,2.355,aperp,0.023223800335152686,True,1.0,5,0
peak1,13,2.2,2.355,apar,0.02777943960184911,True,1.0,5,0
peak1,13,2.2,2.355,fs8,0.002164597382347288,True,1.0,5,0
peak1,14,2.355,2.51,aperp,0.021440204587386196,True,1.0,3,2
peak1,14,2.355,2.51,apar,0.03627000909006622,True,1.0,2,3
peak1,14,2.355,2.51,fs8,0.0023375546753478917,True,1.0,5,0
peak2,0,0.8,0.9,aperp,nan,False,nan,0,5
peak2,0,0.8,0.9,apar,0.09071534721111456,True,1.0,1,4
peak2,0,0.8,0.9,fs8,0.008767301771915504,True,1.0,5,0
peak2,1,0.9,1.0,aperp,0.1615599419575023,True,1.0,2,3
peak2,1,0.9,1.0,apar,0.24456407393800006,True,1.0,2,3
peak2,1,0.9,1.0,fs8,0.004656190736187181,True,1.0,5,0
peak2,2,1.0,1.1,aperp,0.06419141117202383,False,5.0,2,3
peak2,2,1.0,1.1,apar,0.0700957183856707,False,3.0,3,2
peak2,2,1.0,1.1,fs8,0.0036134335674028115,True,1.0,5,0
peak2,3,1.1,1.2,aperp,0.023985931682935113,True,1.0,2,3
peak2,3,1.1,1.2,apar,0.10234954092307634,False,8.0,1,4
peak2,3,1.1,1.2,fs8,0.0028614464063661284,True,1.0,5,0
peak2,4,1.2,1.3,aperp,0.01520873982196194,True,1.0,4,1
peak2,4,1.2,1.3,apar,0.013707526153429591,True,1.0,5,0
peak2,4,1.2,1.3,fs8,0.002428532303583761,True,1.0,5,0
peak2,5,1.3,1.4,aperp,0.014597304470895807,True,1.0,2,3
peak2,5,1.3,1.4,apar,0.09203515711329421,True,1.0,5,0
peak2,5,1.3,1.4,fs8,0.002214524208971842,True,1.0,5,0
peak2,6,1.4,1.5,aperp,0.01629973143358319,True,1.0,5,0
peak2,6,1.4,1.5,apar,0.0960928028289282,False,8.0,2,3
peak2,6,1.4,1.5,fs8,0.0020893522844648146,True,1.0,5,0
peak2,7,1.5,1.6,aperp,0.012472319337120584,True,1.0,3,2
peak2,7,1.5,1.6,apar,0.013716242739917405,True,1.0,4,1
peak2,7,1.5,1.6,fs8,0.0020742773823401437,True,1.0,5,0
peak2,8,1.6,1.7,aperp,0.00845922079460027,True,1.0,5,0
peak2,8,1.6,1.7,apar,0.013012925888130616,True,1.0,5,0
peak2,8,1.6,1.7,fs8,0.0021376954307237898,True,1.0,5,0
peak2,9,1.7,1.8,aperp,0.0343830163229855,False,8.0,3,2
peak2,9,1.7,1.8,apar,0.04613332593059253,False,8.0,3,2
peak2,9,1.7,1.8,fs8,0.00237126403651306,True,1.0,5,0
peak2,10,1.8,1.9,aperp,0.013699067424083253,True,1.0,5,0
peak2,10,1.8,1.9,apar,0.019683723888550865,True,1.0,5,0
peak2,10,1.8,1.9,fs8,0.002422392125680178,True,1.0,5,0
peak2,11,1.9,2.04,aperp,0.009635835358288136,True,1.0,5,0
peak2,11,1.9,2.04,apar,0.01347123736978879,True,1.0,5,0
peak2,11,1.9,2.04,fs8,0.002115694279540085,True,1.0,5,0
peak2,12,2.04,2.2,aperp,0.020473930493070943,True,1.0,2,3
peak2,12,2.04,2.2,apar,0.015514080447342328,True,1.0,2,3
peak2,12,2.04,2.2,fs8,0.0021534836128468352,True,1.0,5,0
peak2,13,2.2,2.355,aperp,0.14581347261331667,True,1.0,2,3
peak2,13,2.2,2.355,apar,0.02300021270891497,True,1.0,5,0
peak2,13,2.2,2.355,fs8,0.0024054752881245527,True,1.0,5,0
peak2,14,2.355,2.51,aperp,0.028843124004989965,False,8.0,1,4
peak2,14,2.355,2.51,apar,0.030459326225724934,True,1.0,5,0
peak2,14,2.355,2.51,fs8,0.002544081536519975,True,1.0,5,0
deployed,0,0.8,0.9,aperp,0.726835064847808,True,1.0,1,4
deployed,0,0.8,0.9,apar,nan,False,nan,0,5
deployed,0,0.8,0.9,fs8,nan,False,nan,0,5
deployed,1,0.9,1.0,aperp,0.02023053775858587,True,1.0,3,2
deployed,1,0.9,1.0,apar,0.027773368785681943,True,1.0,5,0
deployed,1,0.9,1.0,fs8,0.025843024502249755,True,1.0,5,0
deployed,2,1.0,1.1,aperp,0.021526235921278825,True,1.0,5,0
deployed,2,1.0,1.1,apar,0.07116481119141146,True,1.0,5,0
deployed,2,1.0,1.1,fs8,0.018054988097179113,True,1.0,5,0
deployed,3,1.1,1.2,aperp,0.05714370269252561,True,1.0,5,0
deployed,3,1.1,1.2,apar,0.04181709916460218,True,1.0,2,3
deployed,3,1.1,1.2,fs8,0.006339428932331943,True,1.0,5,0
deployed,4,1.2,1.3,aperp,0.011766190569656373,True,1.0,5,0
deployed,4,1.2,1.3,apar,0.028411377202128784,True,1.0,5,0
deployed,4,1.2,1.3,fs8,0.005349825775577041,True,1.0,5,0
deployed,5,1.3,1.4,aperp,0.011169142018813418,True,1.0,5,0
deployed,5,1.3,1.4,apar,0.011129770064622537,True,1.0,5,0
deployed,5,1.3,1.4,fs8,0.004614795820561457,True,1.0,5,0
deployed,6,1.4,1.5,aperp,0.008862050607527277,True,1.0,5,0
deployed,6,1.4,1.5,apar,0.008835289661451702,True,1.0,5,0
deployed,6,1.4,1.5,fs8,0.003690542536911136,True,1.0,5,0
deployed,7,1.5,1.6,aperp,0.05459964941159559,True,1.0,5,0
deployed,7,1.5,1.6,apar,0.05126619946554884,True,1.0,5,0
deployed,7,1.5,1.6,fs8,0.0029779863502133646,True,1.0,5,0
deployed,8,1.6,1.7,aperp,0.00802068206542172,True,1.0,5,0
deployed,8,1.6,1.7,apar,0.02194518036917183,True,1.0,4,1
deployed,8,1.6,1.7,fs8,0.002579996781707126,True,1.0,5,0
deployed,9,1.7,1.8,aperp,0.015963114632533047,True,1.0,3,2
deployed,9,1.7,1.8,apar,0.022381183352275597,True,1.0,1,4
deployed,9,1.7,1.8,fs8,0.0027822580042751372,True,1.0,5,0
deployed,10,1.8,1.9,aperp,0.023071545729557604,True,1.0,5,0
deployed,10,1.8,1.9,apar,0.015235843461215372,True,1.0,5,0
deployed,10,1.8,1.9,fs8,0.0027788084220120124,True,1.0,5,0
deployed,11,1.9,2.04,aperp,0.020750883070140363,True,1.0,5,0
deployed,11,1.9,2.04,apar,0.007501199285730633,True,1.0,5,0
deployed,11,1.9,2.04,fs8,0.002435137317092004,True,1.0,5,0
deployed,12,2.04,2.2,aperp,0.035200499559031775,True,1.0,5,0
deployed,12,2.04,2.2,apar,0.009028776679306976,True,1.0,5,0
deployed,12,2.04,2.2,fs8,0.002389447021342804,True,1.0,5,0
deployed,13,2.2,2.355,aperp,0.21329082996008444,True,1.0,5,0
deployed,13,2.2,2.355,apar,0.0154452922418821,True,1.0,5,0
deployed,13,2.2,2.355,fs8,0.0026261352263474438,True,1.0,5,0
deployed,14,2.355,2.51,aperp,0.06543001363912508,True,1.0,5,0
deployed,14,2.355,2.51,apar,0.18378606703874462,False,2.0,3,2
deployed,14,2.355,2.51,fs8,0.0027589258130147768,True,1.0,5,0
